,male,female,white,black,native,asian,aapi,hispanic,non-hispanic white,income,less than 10k,10-15k,15-25,25-35,35-50,50-75k,75-100,100-150,150-200,200+,pct below PL,HH size,hs,college,rentals,owner-occupied,pop,over_18,over_65,employed,in civilian labor force,20-24,25-34,35-44,45-54,55-59,60-64,65-74,75-84,85+,County
"Anderson County, Texas: Summary level: 050, state:48> county:001",59.8,40.2,72.9,21.6,0.7,0.5,0.1,15.1,61.7,15904,10.6,8.1,12.2,12.3,15.3,16.5,12.3,8.3,2.1,2.3,12.3,2.86,74.8,11.3,26.3,73.7,58016,80.1,12.5,40.8,43.8,6.7,15.3,16.1,16.4,5.8,4.8,7.2,3.7,1.6,Anderson
"Andrews County, Texas: Summary level: 050, state:48> county:003",50.3,49.7,83.3,1.1,2.1,0.8,0.0,47.2,49.1,5205,7.7,4.3,11.3,13.0,14.7,16.5,11.7,12.9,3.8,4.1,12.4,2.7,72.7,12.4,20.1,79.9,14048,70.9,11.6,62.1,65.8,6.4,11.4,13.7,14.3,5.2,4.7,5.6,4.6,1.3,Andrews
"Angelina County, Texas: Summary level: 050, state:48> county:005",48.9,51.1,76.7,15.2,0.4,0.7,0.0,18.8,64.2,31100,8.1,7.7,14.4,14.3,15.9,17.0,11.0,7.9,2.1,1.5,13.3,2.64,78.0,15.9,30.8,69.2,85254,72.9,13.3,55.4,59.0,6.5,12.6,13.2,13.6,5.6,5.4,7.3,4.3,1.7,Angelina
"Aransas County, Texas: Summary level: 050, state:48> county:007",48.4,51.6,90.9,1.1,0.4,1.5,0.0,24.2,70.8,10056,8.2,8.7,13.7,9.6,16.0,18.6,8.9,9.9,3.0,3.4,13.1,2.29,85.2,23.9,25.7,74.3,23247,79.3,23.0,48.4,52.0,4.4,7.3,11.9,14.3,7.8,7.8,13.7,7.8,1.4,Aransas
"Archer County, Texas: Summary level: 050, state:48> county:009",50.7,49.3,96.5,0.7,0.0,1.2,0.0,6.9,90.7,3363,6.0,7.6,11.7,8.8,14.7,20.0,12.7,13.2,3.2,2.0,8.3,2.67,84.0,18.8,18.9,81.1,9055,74.7,15.8,59.8,61.6,5.0,9.3,12.4,17.6,6.4,5.6,9.3,4.5,2.0,Archer
"Armstrong County, Texas: Summary level: 050, state:48> county:011",49.1,50.9,97.1,0.9,0.8,0.0,0.1,9.2,88.8,706,6.2,5.4,10.2,8.4,12.2,24.8,16.9,11.9,3.4,0.7,4.9,2.6,91.5,25.9,18.0,82.0,1958,76.1,19.8,58.8,60.5,4.2,13.5,9.6,13.1,6.7,7.5,10.3,6.6,2.9,Armstrong
"Atascosa County, Texas: Summary level: 050, state:48> county:013",49.3,50.7,76.6,0.8,0.6,0.2,0.0,61.1,36.9,14521,10.1,5.4,13.0,12.9,14.5,21.4,10.6,8.7,1.5,2.0,15.3,3.0,73.8,11.0,24.2,75.8,44049,71.1,12.1,56.7,62.6,5.9,11.5,12.8,14.2,6.7,4.9,6.9,3.7,1.5,Atascosa
"Austin County, Texas: Summary level: 050, state:48> county:015",48.8,51.2,85.1,9.9,0.3,0.1,0.0,21.9,67.0,10447,8.1,3.9,11.2,10.2,12.6,20.3,11.2,14.4,4.4,3.7,5.7,2.65,81.2,17.9,22.5,77.5,27783,74.7,15.7,62.3,65.9,5.9,9.9,12.2,16.0,6.5,5.9,8.6,5.6,1.5,Austin
"Bailey County, Texas: Summary level: 050, state:48> county:017",50.9,49.1,85.9,5.9,0.1,0.0,0.0,44.1,49.9,2380,5.9,10.3,13.4,10.9,18.9,18.0,13.6,6.3,0.6,2.1,10.3,2.95,73.4,18.5,25.4,74.6,7027,69.9,11.6,59.7,62.2,6.9,10.1,7.5,14.4,7.3,5.7,6.9,3.6,1.1,Bailey
"Bandera County, Texas: Summary level: 050, state:48> county:019",49.2,50.8,94.0,0.6,0.5,0.4,0.1,16.0,81.5,8419,9.7,5.7,14.1,10.8,16.5,17.3,12.2,8.6,2.3,2.9,14.4,2.39,89.0,24.0,21.5,78.5,20265,79.5,19.1,53.2,56.0,4.0,7.6,11.8,18.6,9.1,7.8,11.7,5.9,1.5,Bandera
"Bastrop County, Texas: Summary level: 050, state:48> county:021",50.8,49.2,80.6,8.5,0.6,0.7,0.0,31.1,58.4,25214,5.7,4.8,11.7,9.8,16.2,21.3,13.1,13.1,2.3,2.0,9.8,2.79,80.6,17.9,21.0,79.0,72289,73.6,11.0,60.2,64.4,5.1,12.2,14.6,16.0,6.6,5.7,6.1,3.5,1.4,Bastrop
"Baylor County, Texas: Summary level: 050, state:48> county:023",44.9,55.1,92.9,1.1,0.0,0.4,0.0,13.6,84.4,1657,13.4,7.8,17.0,13.4,13.0,19.1,6.7,4.7,1.3,3.6,10.0,2.28,84.7,24.5,28.5,71.5,3795,77.0,23.0,51.4,55.0,2.6,7.6,11.0,12.3,8.1,9.4,10.7,10.6,1.7,Baylor
"Bee County, Texas: Summary level: 050, state:48> county:025",61.1,38.9,70.0,9.4,0.2,0.2,0.0,55.7,34.1,8485,12.0,10.1,11.7,11.8,16.8,16.1,9.9,6.1,3.6,2.0,15.9,2.65,69.5,9.2,33.0,67.0,31896,78.9,10.4,34.0,37.4,8.6,15.7,17.1,14.6,5.1,4.1,5.6,3.7,1.1,Bee
"Bell County, Texas: Summary level: 050, state:48> county:027",49.7,50.3,66.8,20.9,0.5,2.7,0.6,20.8,51.8,101433,7.0,4.7,10.8,12.1,16.7,21.9,12.1,9.9,2.5,2.2,11.2,2.8,88.6,21.2,41.8,58.2,294689,71.6,8.7,52.3,56.6,10.2,16.6,13.0,11.8,4.6,3.8,4.8,3.0,0.9,Bell
"Bexar County, Texas: Summary level: 050, state:48> county:029",48.9,51.1,71.9,7.3,0.7,2.3,0.1,58.1,31.1,580224,8.9,5.7,11.5,11.6,14.9,18.6,11.7,10.7,3.4,3.1,13.2,2.78,81.4,25.3,37.5,62.5,1650052,72.7,10.2,59.1,63.5,7.9,14.7,13.7,13.2,5.4,4.3,5.5,3.4,1.3,Bexar
"Blanco County, Texas: Summary level: 050, state:48> county:031",51.1,48.9,92.9,2.8,1.8,0.1,0.0,17.6,79.2,3935,5.1,5.1,11.8,14.3,17.4,12.0,13.6,12.8,3.6,4.4,7.4,2.56,88.3,25.4,17.4,82.6,10085,78.2,17.4,58.8,62.3,4.9,9.4,11.4,16.5,8.1,8.6,10.2,4.4,2.7,Blanco
"Borden County, Texas: Summary level: 050, state:48> county:033",61.2,38.8,100.0,0.0,0.0,0.0,0.0,19.7,80.3,244,0.0,6.1,12.7,9.4,14.3,21.7,7.4,9.4,7.0,11.9,3.7,2.31,85.1,19.1,37.3,62.7,564,77.0,22.3,64.6,66.8,7.8,4.4,19.5,14.7,3.5,4.3,9.4,12.6,0.4,Borden
"Bosque County, Texas: Summary level: 050, state:48> county:035",49.4,50.6,94.1,1.6,0.9,0.0,0.0,15.2,81.4,6732,6.2,7.1,14.9,11.2,17.2,19.6,13.1,7.6,1.7,1.3,10.7,2.55,80.1,14.8,24.6,75.4,18067,77.0,20.2,51.8,56.2,4.4,9.2,11.9,14.4,8.3,6.6,11.0,5.4,3.8,Bosque
"Bowie County, Texas: Summary level: 050, state:48> county:037",50.6,49.4,69.9,23.4,0.7,0.7,0.1,6.3,66.3,33573,11.1,6.2,13.5,10.9,15.2,19.3,10.2,8.5,2.8,2.4,12.7,2.6,83.5,18.1,33.4,66.6,91399,75.5,13.8,55.1,59.8,6.4,12.8,13.7,14.3,6.2,5.5,7.2,4.8,1.8,Bowie
"Brazoria County, Texas: Summary level: 050, state:48> county:039",50.9,49.1,74.6,11.7,0.4,5.1,0.0,26.8,55.1,101656,5.0,3.7,8.6,8.6,12.4,18.1,14.5,18.4,6.4,4.3,8.2,2.84,84.3,26.1,24.2,75.8,300522,72.2,9.3,61.5,65.0,5.7,14.0,15.5,15.0,5.6,4.4,5.5,2.8,1.0,Brazoria
"Brazos County, Texas: Summary level: 050, state:48> county:041",50.6,49.4,75.4,10.9,0.3,5.2,0.1,22.2,60.4,66105,18.2,6.2,13.7,9.4,12.2,15.2,9.2,9.2,3.6,3.1,15.8,2.6,84.5,39.3,52.9,47.1,185426,79.6,7.1,58.0,61.9,22.9,14.4,10.0,9.4,3.7,3.0,3.9,2.3,0.9,Brazos
"Brewster County, Texas: Summary level: 050, state:48> county:043",49.5,50.5,82.5,1.1,2.1,1.7,0.0,41.8,53.4,4151,11.5,8.0,16.0,12.5,15.2,16.4,8.4,7.7,1.7,2.6,10.5,2.11,80.2,30.4,39.4,60.6,8971,80.3,16.2,61.4,64.9,9.6,10.1,12.6,13.8,9.1,5.5,9.7,5.2,1.4,Brewster
"Briscoe County, Texas: Summary level: 050, state:48> county:045",50.3,49.7,93.4,0.6,0.1,0.9,0.1,22.6,72.3,679,9.3,10.5,15.2,15.8,15.5,18.0,12.5,2.7,0.4,0.3,14.9,2.54,81.0,15.0,19.1,80.9,1723,77.3,22.2,51.0,54.9,4.8,8.8,11.3,14.4,7.2,6.0,12.2,8.2,1.7,Briscoe
"Brooks County, Texas: Summary level: 050, state:48> county:047",47.6,52.4,73.2,0.0,0.0,0.1,0.0,92.8,6.9,2588,18.0,20.7,19.4,7.1,8.3,9.0,7.6,8.7,1.3,0.0,29.7,2.76,53.7,12.5,32.9,67.1,7349,71.9,17.3,45.3,49.3,6.5,10.2,9.3,14.3,4.4,5.5,9.6,6.0,1.6,Brooks
"Brown County, Texas: Summary level: 050, state:48> county:049",49.6,50.4,89.2,4.1,0.7,0.3,0.0,19.0,75.3,13559,11.5,7.6,14.1,12.8,15.0,19.3,10.3,6.3,1.1,2.0,12.0,2.67,81.7,15.0,27.5,72.5,38199,75.4,16.6,51.4,53.3,6.3,11.0,11.7,13.7,7.0,5.6,8.6,5.4,2.6,Brown
"Burleson County, Texas: Summary level: 050, state:48> county:051",49.9,50.1,79.5,12.2,0.1,0.5,0.1,17.5,68.5,6750,8.4,7.1,15.0,9.9,13.2,18.2,14.8,10.9,1.8,0.8,11.2,2.51,76.8,10.5,19.8,80.2,17058,76.1,16.9,54.4,58.1,4.5,10.6,14.0,13.7,8.1,5.6,9.2,5.7,1.9,Burleson
"Burnet County, Texas: Summary level: 050, state:48> county:053",48.8,51.2,93.8,1.9,0.6,0.3,0.1,19.2,77.1,16315,5.8,6.4,12.4,12.6,15.2,19.1,11.6,11.0,3.1,2.9,9.0,2.53,83.5,21.4,25.0,75.0,42215,76.6,18.0,56.8,60.0,4.4,10.7,11.9,14.9,6.9,7.1,10.2,5.7,2.1,Burnet
"Caldwell County, Texas: Summary level: 050, state:48> county:055",50.6,49.4,63.6,7.0,1.5,0.5,0.0,45.9,45.1,11408,9.2,5.6,13.9,12.9,15.4,18.3,11.8,9.7,2.0,1.2,16.0,2.95,75.6,14.3,30.8,69.2,37416,73.3,11.7,51.5,57.8,7.8,12.7,13.4,14.0,5.9,4.4,6.3,3.6,1.8,Caldwell
"Calhoun County, Texas: Summary level: 050, state:48> county:057",51.1,48.9,84.7,2.5,0.1,3.8,0.0,45.3,46.9,7971,7.5,8.3,12.1,13.8,14.9,20.4,10.0,7.8,3.5,1.7,15.7,2.6,78.2,14.7,30.4,69.6,21120,73.3,14.4,58.3,63.3,6.0,11.0,13.0,13.8,6.5,6.3,8.2,5.2,1.0,Calhoun
"Callahan County, Texas: Summary level: 050, state:48> county:059",48.9,51.1,94.5,0.5,0.2,0.3,0.0,7.5,89.3,5133,9.0,6.4,10.9,11.3,19.0,15.8,15.9,7.2,3.1,1.5,11.6,2.61,86.3,17.1,17.2,82.8,13458,76.0,17.6,56.4,59.6,5.0,9.4,13.5,14.5,7.7,5.8,10.0,6.6,1.0,Callahan
"Cameron County, Texas: Summary level: 050, state:48> county:061",48.1,51.9,89.4,0.4,0.2,0.7,0.0,87.4,11.3,113547,15.1,9.8,16.6,13.1,14.5,14.9,6.6,6.3,1.6,1.5,30.0,3.44,62.3,14.5,30.8,69.2,393566,66.6,10.9,50.3,54.3,6.7,13.1,12.6,11.3,4.6,4.2,5.9,3.8,1.2,Cameron
"Camp County, Texas: Summary level: 050, state:48> county:063",49.3,50.7,78.3,18.0,0.4,0.4,0.0,19.5,60.5,4588,13.4,5.7,11.4,18.5,15.3,19.4,6.6,6.6,1.6,1.4,14.9,2.62,74.7,14.9,33.2,66.8,12288,73.3,16.7,53.9,58.8,5.0,11.3,13.2,12.1,6.9,5.1,9.6,5.2,1.9,Camp
"Carson County, Texas: Summary level: 050, state:48> county:065",48.9,51.1,93.2,0.9,1.0,0.3,0.1,7.9,88.3,2415,4.8,5.0,13.7,7.2,12.6,26.7,13.9,10.8,3.6,1.7,4.3,2.6,87.9,23.6,14.7,85.3,6284,74.5,17.9,58.6,60.3,4.2,10.0,11.5,15.7,6.4,6.4,9.2,5.5,3.3,Carson
"Cass County, Texas: Summary level: 050, state:48> county:067",48.2,51.8,80.0,17.5,0.4,0.2,0.1,3.4,77.2,12099,11.9,10.5,14.4,11.1,16.3,16.9,9.2,6.9,1.0,1.6,16.4,2.48,82.3,12.9,27.9,72.1,30254,76.6,18.5,50.4,55.1,4.8,10.2,12.3,14.9,7.2,6.3,10.3,6.1,2.1,Cass
"Castro County, Texas: Summary level: 050, state:48> county:069",51.8,48.2,88.9,2.7,0.7,0.2,0.6,56.4,39.6,2677,8.3,8.6,17.1,15.9,17.8,17.5,7.1,5.6,1.5,0.6,16.7,2.9,68.1,14.9,23.0,77.0,7848,69.3,13.0,60.7,63.9,6.1,11.7,10.7,14.1,6.6,4.1,6.3,4.7,2.0,Castro
"Chambers County, Texas: Summary level: 050, state:48> county:071",50.5,49.5,82.0,8.9,0.6,1.1,0.0,18.3,70.8,11080,5.7,2.3,8.5,9.3,10.1,20.0,16.9,17.2,7.8,2.1,7.7,2.9,84.8,16.2,13.8,86.2,32371,71.3,9.5,61.5,65.6,5.3,12.4,15.6,14.9,6.6,4.4,5.9,2.8,0.8,Chambers
"Cherokee County, Texas: Summary level: 050, state:48> county:073",50.5,49.5,80.5,15.8,0.3,0.4,0.1,19.2,63.8,16799,11.5,7.7,14.8,13.8,16.4,17.0,9.4,6.2,2.1,1.1,18.3,2.83,74.2,11.8,25.9,74.1,50035,74.0,14.5,51.6,54.6,6.6,11.2,12.5,14.0,5.8,6.3,7.9,4.6,2.0,Cherokee
"Childress County, Texas: Summary level: 050, state:48> county:075",61.4,38.6,78.4,12.7,0.0,0.6,0.0,25.0,62.1,2177,10.0,8.1,12.8,11.3,17.7,15.5,11.4,8.4,1.2,3.6,15.4,2.43,82.1,15.7,26.9,73.1,7115,79.3,13.6,47.9,49.2,8.2,20.1,13.1,13.1,4.2,3.3,7.7,4.8,1.2,Childress
"Clay County, Texas: Summary level: 050, state:48> county:077",49.7,50.3,95.7,0.6,0.8,0.6,0.0,4.1,92.5,4451,5.0,6.4,10.9,9.0,17.2,21.6,15.1,11.2,2.0,1.7,7.4,2.45,89.2,19.3,14.0,86.0,10922,76.6,16.6,58.2,61.8,4.3,9.2,12.5,16.6,8.2,6.7,9.5,6.0,1.2,Clay
"Cochran County, Texas: Summary level: 050, state:48> county:079",48.5,51.5,74.3,5.8,2.1,0.0,0.0,50.4,42.9,1099,10.0,6.9,14.5,16.6,17.2,16.7,11.3,6.6,0.0,0.2,18.6,2.75,66.5,11.7,22.7,77.3,3155,70.6,13.8,51.4,56.1,5.7,11.9,13.3,11.9,5.1,5.5,8.0,3.1,2.7,Cochran
"Coke County, Texas: Summary level: 050, state:48> county:081",49.1,50.9,94.0,0.9,1.1,0.3,0.0,18.6,78.4,1287,9.0,5.9,19.4,13.4,12.9,26.3,7.0,4.9,0.2,0.9,8.3,2.42,86.3,11.8,26.3,73.7,3301,78.2,24.5,49.6,54.8,4.2,7.7,11.2,14.0,5.9,6.5,13.4,8.5,2.5,Coke
"Coleman County, Texas: Summary level: 050, state:48> county:083",50.7,49.3,92.5,1.9,0.3,0.3,0.0,15.1,80.0,3514,15.5,12.3,19.5,15.1,11.9,12.3,5.5,5.2,1.3,1.5,19.8,2.47,77.8,13.7,29.0,71.0,8857,77.1,21.2,44.0,46.3,7.2,7.8,10.8,13.2,7.4,7.7,11.0,7.0,3.2,Coleman
"Collin County, Texas: Summary level: 050, state:48> county:085",49.2,50.8,75.7,8.0,0.5,10.8,0.1,14.2,64.8,268042,3.2,2.3,5.7,6.9,11.1,17.2,14.7,20.5,9.3,9.1,4.8,2.74,92.8,48.3,29.2,70.8,738745,71.2,7.2,69.9,73.6,5.0,14.7,18.0,14.8,5.3,4.0,4.5,2.0,0.7,Collin
"Collingsworth County, Texas: Summary level: 050, state:48> county:087",48.5,51.5,81.8,6.9,0.5,0.2,0.0,34.6,56.7,1188,12.8,11.4,13.1,8.6,11.4,21.5,9.8,3.4,3.1,5.0,16.0,2.53,74.2,18.3,24.6,75.4,3009,71.1,20.1,57.4,59.6,6.0,10.7,9.4,12.3,4.3,5.5,9.5,7.5,3.2,Collingsworth
"Colorado County, Texas: Summary level: 050, state:48> county:089",49.4,50.6,80.7,13.9,0.3,0.5,0.1,24.3,61.1,8205,8.4,8.9,13.9,12.3,15.6,17.2,10.8,7.2,2.3,3.3,11.7,2.48,79.6,15.3,22.9,77.1,20751,76.3,19.4,55.1,57.8,6.3,9.6,11.2,14.8,8.1,4.9,10.5,5.6,3.3,Colorado
"Comal County, Texas: Summary level: 050, state:48> county:091",49.3,50.7,90.6,1.5,0.6,0.8,0.0,24.5,71.8,38984,4.5,3.6,8.1,9.8,12.0,18.4,15.7,16.7,5.4,5.8,6.0,2.59,88.6,32.6,24.1,75.9,102836,75.9,14.9,60.0,63.6,4.8,10.1,13.4,16.2,8.1,6.1,8.5,4.5,1.9,Comal
"Comanche County, Texas: Summary level: 050, state:48> county:093",48.9,51.1,89.0,0.9,0.1,0.7,0.0,24.2,74.7,5243,12.6,8.4,13.6,15.1,14.0,19.3,8.8,5.8,1.6,0.7,16.4,2.6,74.7,18.1,21.6,78.4,13863,75.6,20.4,49.1,51.7,4.8,8.8,12.5,13.0,6.2,7.2,11.2,6.9,2.3,Comanche
"Concho County, Texas: Summary level: 050, state:48> county:095",68.4,31.6,86.5,1.9,0.3,0.5,0.0,49.9,47.5,996,9.4,5.5,13.3,12.8,10.5,18.6,15.1,10.3,4.2,0.3,16.1,2.58,71.7,10.5,21.6,78.4,4047,85.1,13.5,31.8,33.1,3.5,17.0,23.2,15.1,6.8,4.6,8.5,3.6,1.4,Concho
"Cooke County, Texas: Summary level: 050, state:48> county:097",49.9,50.1,86.2,2.9,1.2,0.7,0.1,14.6,79.6,14547,7.7,6.7,10.6,11.6,14.4,20.1,14.2,9.4,2.9,2.2,11.8,2.59,81.8,19.5,29.7,70.3,38316,74.0,15.7,61.5,66.3,6.2,10.4,12.5,14.1,6.1,6.3,8.6,5.5,1.6,Cooke
"Coryell County, Texas: Summary level: 050, state:48> county:099",48.8,51.2,73.5,17.2,0.6,1.7,0.8,15.3,61.8,20762,7.5,3.7,9.5,12.3,20.4,21.8,13.7,8.2,1.8,1.1,11.4,3.21,87.6,15.4,40.5,59.5,74082,72.9,7.3,45.5,49.7,10.9,16.7,15.5,11.1,4.1,3.3,4.5,2.1,0.8,Coryell
"Cottle County, Texas: Summary level: 050, state:48> county:101",48.5,51.5,80.7,11.7,0.0,0.0,0.0,14.8,67.9,617,6.5,13.3,16.9,15.1,19.0,15.9,7.9,4.7,0.0,0.8,6.3,2.61,79.1,15.9,20.1,79.9,1618,76.8,26.2,48.2,48.9,2.7,5.2,11.7,14.2,5.6,6.2,14.5,8.7,3.0,Cottle
"Crane County, Texas: Summary level: 050, state:48> county:103",52.2,47.8,83.0,3.9,0.4,0.0,0.0,49.6,44.9,1426,8.4,3.4,12.6,10.0,14.9,20.2,17.7,10.4,1.8,0.6,13.1,2.79,72.2,13.1,24.2,75.8,4141,71.8,14.1,55.6,59.4,5.0,8.2,14.0,16.7,4.5,5.1,8.1,2.9,3.1,Crane
"Crockett County, Texas: Summary level: 050, state:48> county:105",51.9,48.1,95.5,0.0,0.0,0.0,0.0,57.7,42.3,1259,5.3,9.7,10.7,8.1,14.8,17.8,14.5,11.9,0.6,6.6,14.6,2.98,61.9,9.1,38.8,61.2,3746,69.1,14.1,62.9,69.4,4.5,14.4,15.2,8.6,4.5,4.5,5.3,6.9,1.9,Crockett
"Crosby County, Texas: Summary level: 050, state:48> county:107",48.7,51.3,84.7,3.8,0.1,0.4,0.0,50.5,44.1,2144,9.0,10.2,13.7,15.4,17.8,16.3,9.1,4.6,2.1,1.9,17.9,2.84,75.2,13.3,28.1,71.9,6207,70.4,16.4,56.4,57.9,5.2,10.9,10.4,13.1,6.5,5.6,8.6,5.1,2.7,Crosby
"Culberson County, Texas: Summary level: 050, state:48> county:109",51.8,48.2,83.9,0.0,0.4,0.0,0.0,71.7,27.9,724,17.3,7.5,9.0,15.7,25.0,11.0,1.0,4.3,1.5,7.7,19.6,3.32,61.8,13.8,23.6,76.4,2480,65.8,11.4,49.2,57.7,5.2,9.3,12.9,14.8,7.2,2.9,5.4,5.3,0.6,Culberson
"Dallam County, Texas: Summary level: 050, state:48> county:111",51.3,48.7,80.0,2.3,1.4,0.2,0.0,37.4,57.3,2154,4.2,5.2,15.5,10.0,20.2,23.7,10.5,6.4,2.1,2.3,7.1,3.0,71.8,8.4,33.8,66.2,6471,69.3,9.2,73.3,76.1,6.7,10.4,12.5,14.9,8.5,2.7,5.7,1.8,1.7,Dallam
"Dallas County, Texas: Summary level: 050, state:48> county:113",49.5,50.5,57.0,21.9,0.5,4.9,0.1,37.1,34.6,832360,7.2,5.1,12.1,12.1,15.4,18.3,10.7,10.5,3.8,4.8,14.3,2.75,76.5,28.0,45.3,54.7,2321014,72.3,8.6,63.5,68.9,7.4,16.3,14.9,13.4,5.0,4.0,4.7,2.8,1.1,Dallas
"Dawson County, Texas: Summary level: 050, state:48> county:115",58.5,41.5,80.0,7.9,0.6,0.2,0.0,51.5,39.4,4424,9.7,10.4,17.5,14.0,11.4,19.7,6.8,8.5,0.9,1.0,14.3,2.58,67.0,8.7,24.3,75.7,13853,76.2,14.4,42.4,44.9,8.0,15.3,13.9,12.4,5.2,4.0,6.4,6.4,1.5,Dawson
"Deaf Smith County, Texas: Summary level: 050, state:48> county:117",49.1,50.9,82.8,1.2,0.7,0.3,0.3,64.9,32.4,6053,8.3,4.1,15.5,12.4,18.2,20.8,11.7,6.8,1.7,0.6,13.6,3.09,66.3,13.2,35.0,65.0,19054,67.5,11.4,58.4,62.3,6.5,13.4,11.4,11.8,5.4,4.2,5.8,4.4,1.2,Deaf
"Delta County, Texas: Summary level: 050, state:48> county:119",49.2,50.8,87.7,7.7,2.0,0.3,0.0,5.0,83.6,2045,10.3,9.3,16.0,11.6,13.6,16.0,12.0,9.0,0.5,1.5,9.1,2.56,84.2,15.0,19.6,80.4,5248,76.0,18.3,55.1,58.6,5.0,8.6,13.2,13.9,7.8,6.5,10.6,5.5,2.2,Delta
"Denton County, Texas: Summary level: 050, state:48> county:121",49.2,50.8,78.2,7.8,0.4,6.3,0.1,17.5,66.0,224840,3.8,2.9,7.2,8.2,12.1,18.8,14.3,18.7,7.5,6.6,4.9,2.73,91.2,39.5,33.8,66.2,628084,72.3,6.5,70.4,75.0,7.5,15.6,16.8,14.2,5.0,3.8,4.0,1.9,0.6,Denton
"DeWitt County, Texas: Summary level: 050, state:48> county:123",52.0,48.0,72.9,10.6,0.2,0.2,0.1,30.8,58.2,7361,8.1,7.3,14.8,14.7,15.6,17.1,8.2,9.6,2.1,2.4,12.6,2.47,75.5,12.1,23.5,76.5,20025,77.7,18.0,50.9,53.4,5.2,10.5,13.2,15.7,6.2,6.6,8.8,6.8,2.5,DeWitt
"Dickens County, Texas: Summary level: 050, state:48> county:125",54.3,45.7,82.5,3.9,1.4,0.2,0.0,29.7,65.3,841,11.5,7.7,17.5,14.4,12.4,21.4,8.1,2.6,2.3,2.1,15.5,2.37,72.9,12.7,19.6,80.4,2441,80.9,18.4,41.7,42.3,5.9,16.4,9.5,14.2,8.2,5.5,10.4,5.0,3.0,Dickens
"Dimmit County, Texas: Summary level: 050, state:48> county:127",49.1,50.9,84.9,0.4,0.0,1.8,0.0,84.6,13.4,3600,13.1,14.8,20.9,10.5,9.5,20.9,4.3,5.6,0.4,0.0,31.5,2.67,61.0,12.6,30.5,69.5,9908,69.5,13.2,50.2,55.9,4.3,10.6,11.3,13.7,7.4,4.9,6.5,3.6,3.1,Dimmit
"Donley County, Texas: Summary level: 050, state:48> county:129",47.7,52.3,91.1,4.2,0.0,0.9,1.4,7.7,85.7,1279,8.7,5.4,16.3,10.0,13.8,21.7,14.9,5.0,3.2,1.0,6.1,2.57,82.2,16.6,26.7,73.3,3655,79.0,20.0,53.1,54.2,3.2,9.2,9.8,13.1,5.5,7.4,10.2,7.2,2.6,Donley
"Duval County, Texas: Summary level: 050, state:48> county:131",51.1,48.9,77.1,1.7,0.3,0.0,0.1,87.0,11.3,4138,14.3,9.4,20.8,11.5,14.5,12.1,9.1,6.2,1.2,0.7,19.9,2.75,64.9,8.5,26.7,73.3,11999,73.5,15.4,51.3,55.7,7.6,11.0,11.9,13.1,6.0,4.9,8.6,5.4,1.5,Duval
"Eastland County, Texas: Summary level: 050, state:48> county:133",50.1,49.9,90.3,3.0,0.5,0.0,0.1,13.8,82.3,7273,11.6,10.9,16.4,13.3,15.1,17.4,8.5,4.4,0.9,1.5,15.9,2.41,77.7,15.5,24.6,75.4,18560,77.5,19.2,48.3,51.1,5.3,10.0,11.3,12.8,7.0,6.2,10.2,6.9,2.1,Eastland
"Ector County, Texas: Summary level: 050, state:48> county:135",49.2,50.8,82.7,4.2,0.6,0.7,0.1,50.9,42.9,47653,8.4,6.8,12.5,11.4,14.5,20.0,11.3,9.8,2.5,2.9,13.9,2.76,72.9,13.1,32.5,67.5,133015,70.9,10.4,62.2,66.1,8.2,13.9,12.1,13.4,5.6,3.9,5.8,3.5,1.1,Ector
"Edwards County, Texas: Summary level: 050, state:48> county:137",51.0,49.0,94.8,0.0,0.0,0.0,0.0,53.5,46.5,858,12.1,12.1,12.6,11.3,15.4,13.6,7.9,10.3,0.0,4.7,16.9,2.34,67.7,22.1,18.8,81.2,2029,78.9,19.6,54.9,59.5,4.8,7.7,12.2,15.2,6.5,6.2,10.8,5.3,3.4,Edwards
"Ellis County, Texas: Summary level: 050, state:48> county:139",49.4,50.6,80.1,8.7,1.5,0.6,0.1,22.6,66.5,48503,4.5,3.7,9.7,9.0,12.7,21.1,15.4,16.0,4.5,3.4,8.7,2.92,82.9,21.0,23.7,76.3,143502,70.8,9.7,64.4,69.0,6.2,12.3,14.4,14.8,6.1,4.5,5.7,3.0,0.9,Ellis
"El Paso County, Texas: Summary level: 050, state:48> county:141",48.4,51.6,78.1,2.9,0.5,1.1,0.1,81.9,13.5,242943,11.6,8.5,15.3,13.0,15.3,16.3,8.6,7.7,2.0,1.6,22.5,3.13,71.0,19.3,36.1,63.9,772280,69.6,10.2,53.9,58.3,7.8,13.3,13.3,12.7,5.0,3.9,5.5,3.5,1.1,El
"Erath County, Texas: Summary level: 050, state:48> county:143",48.7,51.3,85.8,1.1,0.6,0.7,0.0,18.2,78.2,13877,11.6,7.0,13.0,13.7,16.2,15.2,10.5,8.2,2.1,2.3,11.7,2.54,79.5,24.0,38.0,62.0,37142,77.5,12.5,60.3,64.1,13.4,12.2,11.0,12.5,5.4,4.5,6.3,4.2,2.0,Erath
"Falls County, Texas: Summary level: 050, state:48> county:145",46.3,53.7,66.9,24.2,0.9,2.1,0.0,19.3,53.5,5700,13.9,11.5,13.9,17.6,10.4,17.2,8.5,5.9,0.9,0.1,16.3,2.89,73.5,9.8,27.1,72.9,17799,76.7,16.7,45.9,49.8,6.2,10.9,13.0,14.2,5.3,5.5,8.6,5.5,2.6,Falls
"Fannin County, Texas: Summary level: 050, state:48> county:147",53.2,46.8,87.1,7.3,0.7,0.3,0.0,9.0,81.3,11676,7.9,7.5,13.3,13.7,12.7,21.5,11.8,8.4,1.7,1.5,11.7,2.71,82.4,14.7,25.3,74.7,33765,77.7,16.5,52.5,56.7,6.0,12.0,13.1,14.7,6.6,5.8,8.9,5.3,2.3,Fannin
"Fayette County, Texas: Summary level: 050, state:48> county:149",48.8,51.2,88.5,6.6,0.3,0.5,0.0,17.4,74.6,10658,5.7,5.5,14.7,13.7,14.1,18.9,12.3,10.0,2.3,2.7,8.0,2.2,79.0,17.6,25.9,74.1,24175,77.8,21.6,59.2,60.9,5.1,9.3,11.4,15.3,6.2,7.6,10.9,7.1,3.6,Fayette
"Fisher County, Texas: Summary level: 050, state:48> county:151",50.4,49.6,80.3,3.6,1.8,0.0,0.0,22.6,71.8,1673,6.6,10.8,18.9,9.4,11.5,21.7,13.2,6.4,0.0,1.6,12.8,2.37,81.0,15.2,26.0,74.0,4057,76.0,22.3,53.1,56.2,4.1,7.8,12.7,14.5,7.9,5.3,11.3,7.6,3.4,Fisher
"Floyd County, Texas: Summary level: 050, state:48> county:153",49.6,50.4,87.7,2.0,0.2,0.4,0.0,50.9,44.0,2612,8.7,13.7,12.7,14.7,11.1,17.3,13.1,7.6,1.0,0.0,23.2,2.52,74.6,17.1,28.3,71.7,6599,70.3,16.9,62.8,65.1,3.8,13.2,11.3,11.2,4.6,6.7,8.8,5.5,2.5,Floyd
"Foard County, Texas: Summary level: 050, state:48> county:155",48.9,51.1,89.1,3.5,0.0,0.7,0.0,21.5,74.3,563,13.5,11.4,19.9,9.1,13.9,16.5,4.1,11.2,0.0,0.5,19.9,2.43,75.8,15.6,38.5,61.5,1379,77.5,23.4,59.4,67.7,5.0,9.6,15.4,10.2,6.2,5.0,11.9,6.5,5.0,Foard
"Fort Bend County, Texas: Summary level: 050, state:48> county:157",49.1,50.9,54.0,21.6,0.3,16.4,0.0,23.5,37.1,167620,3.5,2.5,5.8,7.0,11.1,17.1,13.9,19.7,9.5,9.7,6.1,3.2,88.6,40.4,19.2,80.8,541983,70.0,7.0,65.1,68.6,5.5,12.5,16.1,16.0,6.1,4.2,4.3,2.1,0.6,Fort
"Franklin County, Texas: Summary level: 050, state:48> county:159",50.0,50.0,91.5,4.8,1.3,0.2,0.0,11.9,81.8,3734,8.7,2.7,17.7,10.4,15.5,18.5,10.7,9.1,3.6,3.2,11.9,2.84,82.7,23.6,19.2,80.8,10675,75.3,17.8,52.0,58.2,6.4,8.5,11.9,13.2,5.8,7.2,10.3,6.1,1.5,Franklin
"Freestone County, Texas: Summary level: 050, state:48> county:161",52.5,47.5,75.0,17.3,0.3,0.2,0.0,12.1,69.5,7107,8.4,6.6,13.8,12.8,14.0,16.9,13.0,7.9,2.0,4.7,10.1,2.49,78.7,14.0,21.2,78.8,19461,76.7,16.6,48.2,51.6,4.4,12.5,12.8,15.6,7.8,4.4,9.5,5.3,1.9,Freestone
"Frio County, Texas: Summary level: 050, state:48> county:163",57.0,43.0,85.2,3.2,0.3,0.3,0.0,76.1,20.2,4748,9.0,8.5,17.4,14.1,15.7,16.0,9.9,5.0,3.2,1.3,17.4,3.13,64.3,8.1,33.5,66.5,16956,74.5,11.1,46.9,52.0,8.1,17.0,12.4,12.4,5.4,4.4,6.4,3.9,0.8,Frio
"Gaines County, Texas: Summary level: 050, state:48> county:165",50.1,49.9,88.6,1.3,1.7,0.3,0.0,35.8,60.9,5348,8.4,6.8,13.6,7.5,16.8,20.4,8.8,10.9,2.6,4.3,15.6,3.11,58.2,12.9,27.0,73.0,16658,66.1,8.9,62.8,65.9,6.4,13.1,12.3,12.4,6.3,2.7,4.6,3.2,1.1,Gaines
"Galveston County, Texas: Summary level: 050, state:48> county:167",49.4,50.6,77.0,14.0,0.5,2.9,0.1,21.6,59.7,106617,7.0,4.9,9.4,9.5,13.0,17.3,12.7,15.7,6.1,4.4,9.2,2.64,85.9,26.3,30.5,69.5,286326,74.3,11.1,61.8,66.4,6.0,13.0,14.0,15.9,6.5,5.1,6.2,3.6,1.2,Galveston
"Garza County, Texas: Summary level: 050, state:48> county:169",62.5,37.5,86.6,2.9,0.3,0.4,0.0,55.8,40.3,1649,10.9,10.7,19.1,9.1,11.5,18.3,7.5,5.9,5.2,1.8,17.9,2.7,62.9,8.6,27.3,72.7,6204,79.3,11.8,36.1,37.5,5.2,20.0,15.6,14.4,3.7,5.7,6.3,4.4,1.0,Garza
"Gillespie County, Texas: Summary level: 050, state:48> county:171",48.4,51.6,96.3,0.1,0.1,0.2,0.1,18.9,79.2,10413,5.6,6.4,9.7,11.4,14.9,22.8,14.2,9.9,2.0,3.2,5.3,2.27,86.4,26.8,24.5,75.5,24197,79.7,25.6,58.1,59.5,4.3,7.4,10.6,14.5,8.3,7.3,12.7,9.3,3.6,Gillespie
"Glasscock County, Texas: Summary level: 050, state:48> county:173",50.2,49.8,87.1,4.5,0.0,0.0,0.0,28.5,67.0,430,0.5,4.2,9.8,14.2,7.9,24.9,12.6,17.2,6.7,2.1,6.5,3.06,78.0,16.4,26.5,73.5,1317,69.7,13.7,62.1,62.1,7.3,4.3,14.7,16.9,6.2,2.6,9.0,3.0,1.7,Glasscock
"Goliad County, Texas: Summary level: 050, state:48> county:175",50.4,49.6,81.0,4.8,0.0,0.0,0.2,33.1,60.3,2920,6.9,7.9,10.5,7.9,13.5,22.5,12.0,13.6,1.7,3.5,8.5,2.44,83.8,18.0,17.2,82.8,7161,77.0,18.6,58.7,59.8,1.6,10.6,13.6,15.0,7.6,7.3,9.5,6.9,2.2,Goliad
"Gonzales County, Texas: Summary level: 050, state:48> county:177",50.1,49.9,58.1,8.3,0.0,0.3,0.0,45.2,46.0,7036,10.0,6.5,16.8,13.4,15.4,18.4,10.6,6.0,1.1,1.8,14.8,2.66,67.6,13.9,31.6,68.4,19635,72.7,16.0,55.1,60.4,5.2,12.0,12.1,13.7,6.2,4.3,8.5,5.2,2.3,Gonzales
"Gray County, Texas: Summary level: 050, state:48> county:179",52.1,47.9,85.7,4.6,0.4,0.4,0.0,21.6,70.7,8221,8.3,8.6,13.3,14.9,14.7,18.7,9.5,8.6,1.4,2.1,11.6,2.46,79.3,12.2,23.1,76.9,22497,75.3,16.1,49.7,53.9,5.7,12.3,13.1,14.9,5.8,5.4,8.0,6.4,1.7,Gray
"Grayson County, Texas: Summary level: 050, state:48> county:181",48.6,51.4,84.4,5.5,1.2,0.9,0.0,10.5,79.6,45545,6.7,6.8,11.7,11.4,16.3,19.6,13.0,9.7,2.9,2.0,10.2,2.55,85.2,19.2,29.6,70.4,119111,75.7,15.2,58.1,62.9,6.2,11.6,12.7,14.9,6.6,5.7,8.1,5.1,1.9,Grayson
"Gregg County, Texas: Summary level: 050, state:48> county:183",48.8,51.2,70.7,20.0,0.4,1.2,0.1,15.0,62.4,44873,8.1,7.9,12.0,11.9,16.6,18.6,10.4,9.6,2.5,2.4,12.1,2.6,82.4,20.3,36.9,63.1,119525,74.3,13.4,60.1,64.9,7.5,13.2,12.5,14.0,5.8,4.8,6.9,4.8,1.8,Gregg
"Grimes County, Texas: Summary level: 050, state:48> county:185",54.0,46.0,74.4,16.8,0.2,0.5,0.0,20.1,61.2,8366,8.6,6.0,17.9,12.4,12.5,18.9,11.7,8.6,2.7,0.5,12.4,2.7,77.2,11.3,25.1,74.9,26208,76.8,13.3,48.0,51.1,5.9,12.8,14.6,15.5,7.4,5.2,8.0,4.5,0.9,Grimes
"Guadalupe County, Texas: Summary level: 050, state:48> county:187",49.3,50.7,82.9,6.0,0.5,1.3,0.1,35.3,55.7,42738,5.1,4.3,8.8,8.9,13.3,21.0,17.1,15.5,3.9,2.2,7.8,2.84,85.1,24.0,21.4,78.6,122728,72.4,11.5,62.2,66.4,5.8,12.0,14.7,14.6,5.8,5.1,6.6,3.8,1.1,Guadalupe
"Hale County, Texas: Summary level: 050, state:48> county:189",52.4,47.6,80.1,5.2,0.4,0.4,0.2,54.2,38.9,11444,9.3,8.1,14.0,16.3,16.0,16.7,10.5,5.7,1.7,1.6,14.9,2.8,70.0,14.1,34.7,65.3,36041,71.5,12.3,52.8,56.0,8.2,13.2,12.9,12.6,4.8,4.2,6.2,4.3,1.7,Hale
"Hall County, Texas: Summary level: 050, state:48> county:191",49.1,50.9,76.5,7.4,0.2,0.1,0.7,30.2,59.5,1440,13.0,11.9,19.9,16.7,13.3,13.1,4.2,4.2,1.7,1.9,21.2,2.37,72.2,15.2,33.0,67.0,3424,73.2,22.0,48.2,52.4,3.1,7.8,12.9,12.7,6.8,5.1,10.7,8.3,2.9,Hall
"Hamilton County, Texas: Summary level: 050, state:48> county:193",47.9,52.1,98.1,0.0,0.0,0.0,0.0,9.3,90.1,3064,6.6,8.4,11.7,12.7,20.7,22.4,7.3,6.4,1.1,2.6,6.0,2.72,82.6,23.4,19.1,80.9,8473,78.4,23.8,52.9,56.2,5.2,8.6,11.7,14.0,5.7,7.3,12.1,7.2,4.4,Hamilton
"Hansford County, Texas: Summary level: 050, state:48> county:195",50.4,49.6,82.0,0.6,0.8,0.6,0.4,40.7,56.6,1948,5.7,6.8,10.5,10.5,13.4,25.2,12.9,11.3,2.1,1.5,11.4,2.77,76.0,20.2,24.2,75.8,5470,69.9,14.1,64.5,66.9,4.0,9.6,14.6,13.3,5.4,4.7,6.8,5.2,2.0,Hansford
"Hardeman County, Texas: Summary level: 050, state:48> county:197",46.8,53.2,83.3,9.4,0.4,1.1,0.0,16.8,72.2,1672,7.4,10.9,15.0,13.3,17.9,23.0,8.3,3.1,0.3,0.8,17.1,2.53,79.4,14.7,21.2,78.8,4226,74.9,21.8,50.6,59.0,3.8,9.3,11.1,14.7,6.9,6.0,10.8,8.8,2.3,Hardeman
"Hardin County, Texas: Summary level: 050, state:48> county:199",49.4,50.6,90.9,5.9,0.3,0.5,0.0,4.2,88.2,19711,7.0,6.7,10.8,8.5,14.6,18.6,15.6,12.8,3.5,1.8,10.1,2.68,85.1,15.4,21.8,78.2,53220,73.9,13.3,57.7,61.5,5.9,11.9,13.3,15.0,6.7,5.1,7.5,4.3,1.5,Hardin
"Harris County, Texas: Summary level: 050, state:48> county:201",49.8,50.2,60.4,19.0,0.4,6.1,0.1,39.6,34.3,1372163,6.9,5.2,11.3,11.2,14.1,17.6,11.6,12.2,4.8,5.2,13.7,2.85,77.6,27.7,42.2,57.8,3950999,71.8,7.9,63.9,68.9,7.3,16.2,14.6,13.6,5.3,4.0,4.5,2.5,0.9,Harris
"Harrison County, Texas: Summary level: 050, state:48> county:203",49.0,51.0,73.5,22.3,0.4,0.5,0.0,9.9,65.9,22997,8.8,6.7,13.4,10.1,16.2,17.5,11.8,10.6,2.7,2.4,12.3,2.72,83.7,16.2,25.3,74.7,64484,74.2,13.1,56.8,61.7,6.5,11.7,12.8,14.8,7.0,5.4,7.3,4.2,1.5,Harrison
"Hartley County, Texas: Summary level: 050, state:48> county:205",62.3,37.7,82.3,7.1,0.5,0.1,0.0,21.3,71.0,1715,3.1,3.6,10.4,11.3,10.7,19.7,18.4,12.2,5.0,5.6,5.2,2.61,78.4,19.8,26.7,73.3,5963,78.5,12.5,48.1,49.2,2.3,16.2,19.2,16.7,4.9,5.4,6.5,4.1,1.8,Hartley
"Haskell County, Texas: Summary level: 050, state:48> county:207",50.1,49.9,78.7,5.2,0.1,0.3,0.0,22.7,70.9,2549,12.9,8.3,15.4,13.1,16.9,13.3,6.6,8.7,1.6,3.1,15.1,2.29,77.9,11.7,24.0,76.0,5842,78.8,22.3,54.7,62.9,4.3,11.8,11.0,14.6,5.6,6.7,10.8,9.1,2.5,Haskell
"Hays County, Texas: Summary level: 050, state:48> county:209",49.7,50.3,74.4,3.7,0.6,1.2,0.0,34.2,59.6,50479,8.9,5.5,8.9,9.0,12.3,18.1,12.6,15.5,5.3,4.0,6.7,2.71,88.1,35.0,32.2,67.8,146439,75.7,8.3,62.3,66.7,13.5,13.3,13.0,12.8,5.3,4.2,4.9,2.7,0.8,Hays
"Hemphill County, Texas: Summary level: 050, state:48> county:211",51.3,48.7,90.8,0.0,0.6,0.0,0.0,22.0,74.4,1533,5.5,8.2,9.3,7.2,14.0,17.2,17.0,14.8,3.7,3.2,12.5,2.39,80.7,16.3,22.7,77.3,3668,75.4,14.6,69.2,70.2,4.4,11.3,13.3,16.9,6.2,5.4,7.4,6.4,0.8,Hemphill
"Henderson County, Texas: Summary level: 050, state:48> county:213",49.0,51.0,87.4,6.5,0.7,0.5,0.1,10.2,81.5,30540,9.6,8.5,13.4,13.3,15.5,18.2,9.3,8.0,2.5,1.8,12.1,2.52,79.0,14.2,22.5,77.5,78299,76.8,18.7,51.3,55.9,5.2,10.5,12.1,14.2,6.6,6.9,10.8,6.1,1.8,Henderson
"Hidalgo County, Texas: Summary level: 050, state:48> county:215",48.7,51.3,75.2,0.5,0.3,1.0,0.0,90.2,8.2,205971,15.2,9.9,15.6,13.0,14.2,14.5,8.0,6.1,1.9,1.6,30.5,3.56,60.2,15.1,29.2,70.8,736973,65.1,9.3,52.9,58.7,7.4,14.3,13.0,10.3,4.0,3.5,5.1,3.2,1.0,Hidalgo
"Hill County, Texas: Summary level: 050, state:48> county:217",49.1,50.9,87.1,6.8,1.2,0.4,0.0,17.6,74.2,12988,7.2,8.7,15.1,13.5,15.2,18.3,9.6,9.6,1.6,1.3,11.3,2.59,78.1,15.3,23.5,76.5,34854,75.4,17.9,53.7,57.6,5.7,10.7,11.8,13.7,7.2,5.6,9.7,6.0,2.2,Hill
"Hockley County, Texas: Summary level: 050, state:48> county:219",49.3,50.7,83.9,3.2,0.2,0.5,0.0,42.1,52.9,8100,9.2,7.5,11.4,10.8,15.7,20.0,12.3,9.0,2.3,1.8,13.2,2.68,74.1,18.0,25.6,74.4,22933,72.9,12.7,57.3,61.0,6.9,11.9,11.3,13.7,6.0,4.6,7.4,4.0,1.2,Hockley
"Hood County, Texas: Summary level: 050, state:48> county:221",49.2,50.8,90.7,0.5,0.8,0.7,0.0,9.8,87.2,20240,4.4,4.5,10.1,10.3,14.8,20.9,13.2,11.9,5.2,4.6,7.9,2.44,86.2,23.9,21.5,78.5,49816,78.4,20.2,55.6,58.5,4.4,9.2,11.8,15.2,7.6,7.5,11.8,6.8,1.7,Hood
"Hopkins County, Texas: Summary level: 050, state:48> county:223",49.6,50.4,87.6,8.1,0.7,0.6,0.0,14.1,76.5,13045,7.8,8.3,11.1,14.3,15.8,20.6,9.6,8.8,2.1,1.6,12.8,2.6,78.7,16.7,28.9,71.1,34540,74.4,15.2,57.1,61.3,6.0,11.2,12.9,14.5,6.0,6.1,8.3,4.6,2.3,Hopkins
"Houston County, Texas: Summary level: 050, state:48> county:225",50.1,49.9,65.5,25.8,0.2,0.4,0.0,9.4,62.5,7872,11.0,12.4,17.0,12.7,13.0,14.8,9.5,6.7,1.5,1.3,19.0,2.94,78.5,13.4,25.7,74.3,23642,76.7,18.8,49.4,54.4,5.4,10.5,11.5,15.2,5.9,6.1,10.2,5.6,3.0,Houston
"Howard County, Texas: Summary level: 050, state:48> county:227",57.3,42.7,67.5,5.2,0.5,0.8,0.0,37.7,53.7,11080,8.8,7.4,14.8,14.6,13.1,18.4,11.0,8.3,2.3,1.4,13.3,2.58,70.8,10.1,31.1,68.9,34285,77.2,13.7,44.7,48.3,6.1,15.2,14.4,15.3,6.2,4.4,7.7,4.2,1.7,Howard
"Hudspeth County, Texas: Summary level: 050, state:48> county:229",54.6,45.4,92.4,0.7,0.3,0.9,0.0,79.0,19.3,1066,21.7,12.0,17.8,12.7,13.6,11.8,7.3,2.6,0.0,0.5,39.6,3.2,50.5,10.5,20.6,79.4,3441,69.7,16.1,41.3,46.8,5.2,6.9,10.9,12.2,7.1,5.0,9.4,4.4,2.3,Hudspeth
"Hunt County, Texas: Summary level: 050, state:48> county:231",49.6,50.4,83.3,8.7,0.5,1.1,0.1,12.9,75.4,30391,8.7,8.1,12.9,12.0,14.5,18.3,10.9,9.7,3.0,2.1,14.4,2.7,80.0,17.0,29.5,70.5,84836,74.7,13.4,55.9,61.2,7.1,11.8,13.4,14.7,6.0,5.6,7.8,3.8,1.7,Hunt
"Hutchinson County, Texas: Summary level: 050, state:48> county:233",49.0,51.0,85.0,2.5,1.3,0.4,0.0,18.7,75.5,8390,7.7,8.5,10.6,14.0,18.5,17.2,12.3,8.4,1.8,0.9,12.9,2.6,83.5,13.0,19.4,80.6,22094,73.8,15.4,55.2,59.7,6.2,11.6,11.8,14.6,5.9,5.5,7.8,6.1,1.4,Hutchinson
"Irion County, Texas: Summary level: 050, state:48> county:235",54.5,45.5,87.7,4.4,0.0,0.3,0.0,21.6,73.9,620,2.6,6.6,16.3,7.6,18.1,14.2,14.8,11.6,4.5,3.7,0.0,2.7,81.6,12.3,16.8,83.2,1673,77.3,15.2,71.3,73.8,1.3,11.8,13.6,16.0,11.7,6.4,9.9,4.5,0.9,Irion
"Jack County, Texas: Summary level: 050, state:48> county:237",56.8,43.2,90.4,4.0,0.3,0.5,0.0,12.5,81.7,2984,7.1,5.2,11.2,13.3,16.9,16.7,14.0,9.0,3.5,3.1,8.6,2.65,78.9,10.5,22.4,77.6,9072,77.6,14.8,46.4,49.1,6.4,11.8,13.2,15.7,7.3,4.5,8.7,4.7,1.4,Jack
"Jackson County, Texas: Summary level: 050, state:48> county:239",48.0,52.0,71.4,8.2,0.1,0.0,0.0,27.8,63.7,5030,5.8,6.3,15.0,10.4,14.5,18.1,13.0,9.8,4.2,2.8,8.6,2.75,77.2,16.9,25.9,74.1,13987,74.3,16.0,61.2,64.6,5.5,10.6,12.5,14.8,6.7,5.2,8.1,6.0,1.9,Jackson
"Jasper County, Texas: Summary level: 050, state:48> county:241",49.1,50.9,80.2,16.5,0.4,0.6,0.1,5.3,75.7,13466,11.1,8.0,15.0,12.2,17.3,15.4,10.3,8.4,1.3,1.1,14.9,2.54,81.6,14.0,20.7,79.3,35248,75.1,16.3,48.3,52.2,5.0,11.5,12.8,14.3,6.3,6.5,9.3,5.6,1.4,Jasper
"Jeff Davis County, Texas: Summary level: 050, state:48> county:243",48.8,51.2,92.6,0.0,0.6,0.7,0.3,35.5,61.8,999,4.6,4.7,22.4,13.2,11.5,23.5,5.9,10.7,2.0,1.4,14.0,2.13,83.9,34.3,21.2,78.8,2340,75.6,22.6,55.2,58.0,5.5,5.8,9.3,14.6,8.8,7.2,14.6,5.9,2.1,Jeff
"Jefferson County, Texas: Summary level: 050, state:48> county:245",51.0,49.0,53.6,33.9,0.4,3.3,0.1,15.6,46.0,90671,9.7,7.4,13.0,12.2,14.2,17.0,11.1,9.5,3.3,2.6,15.1,2.57,81.4,17.8,34.8,65.2,249349,75.9,12.8,52.5,57.6,7.7,13.7,13.0,15.0,6.0,4.7,6.4,4.8,1.6,Jefferson
"Jim Hogg County, Texas: Summary level: 050, state:48> county:247",55.8,44.2,79.7,0.0,3.1,0.0,0.0,92.3,4.7,1738,17.7,1.3,15.4,9.4,15.8,21.5,13.8,2.6,1.2,1.2,13.9,2.99,68.9,12.4,28.0,72.0,5211,74.8,16.1,51.0,59.7,13.7,10.2,12.9,9.4,3.8,6.3,11.7,3.2,1.2,Jim
"Jim Wells County, Texas: Summary level: 050, state:48> county:249",49.4,50.6,89.7,0.8,0.3,0.4,0.0,78.0,20.2,13441,11.3,10.3,14.0,12.6,14.2,17.0,8.9,7.4,2.9,1.3,18.4,2.9,70.6,10.6,26.7,73.3,40631,70.7,12.5,54.5,58.4,6.4,11.7,12.3,13.3,5.9,4.9,6.8,3.9,1.7,Jim
"Johnson County, Texas: Summary level: 050, state:48> county:251",50.1,49.9,91.3,2.7,0.7,0.7,0.2,17.0,77.6,50425,4.2,4.6,9.7,10.5,16.4,21.0,15.2,12.2,3.7,2.6,7.7,2.87,81.7,16.1,23.4,76.6,147611,72.5,11.1,60.0,64.7,5.9,12.6,14.3,15.0,6.4,4.6,6.6,3.3,1.1,Johnson
"Jones County, Texas: Summary level: 050, state:48> county:253",61.5,38.5,73.0,11.9,0.6,0.4,0.0,23.9,62.1,6022,6.4,9.7,13.5,14.4,15.6,22.7,9.2,5.8,1.5,1.2,8.8,2.4,69.6,9.3,21.2,78.8,20157,81.4,13.4,36.3,39.3,6.6,17.7,15.3,15.6,6.4,4.4,7.1,4.6,1.6,Jones
"Karnes County, Texas: Summary level: 050, state:48> county:255",67.0,33.0,66.4,10.3,0.4,0.4,0.2,48.5,40.3,4657,11.9,8.2,14.6,12.3,15.1,15.7,7.6,11.8,2.3,0.6,17.4,1.91,65.6,8.4,31.2,68.8,14880,90.3,13.1,34.3,35.5,9.8,23.9,18.3,13.8,6.3,4.0,6.2,4.7,2.2,Karnes
"Kaufman County, Texas: Summary level: 050, state:48> county:257",49.3,50.7,83.1,10.3,0.4,0.7,0.1,16.1,71.0,33131,5.5,5.0,8.3,9.6,13.8,20.3,16.4,14.7,3.6,2.9,8.3,2.93,82.7,17.2,22.4,77.6,98402,71.2,10.2,64.1,69.4,5.3,13.0,14.9,14.6,6.4,4.2,6.1,3.3,0.8,Kaufman
"Kendall County, Texas: Summary level: 050, state:48> county:259",49.5,50.5,94.6,1.0,0.1,0.7,0.0,19.8,77.8,12055,3.8,4.3,9.2,8.0,13.0,15.6,12.9,16.4,8.0,8.8,4.3,2.57,91.1,35.5,24.6,75.4,31515,75.5,15.4,60.7,63.4,4.4,8.5,13.2,16.5,7.5,7.8,8.5,4.3,2.5,Kendall
"Kenedy County, Texas: Summary level: 050, state:48> county:261",60.6,39.4,97.5,2.5,0.0,0.0,0.0,62.7,37.3,92,30.4,0.0,15.2,0.0,6.5,44.6,3.3,0.0,0.0,0.0,15.9,2.62,59.8,17.9,62.0,38.0,241,80.5,20.7,57.5,57.5,2.1,10.0,4.6,21.2,7.9,12.0,5.0,12.4,3.3,Kenedy
"Kent County, Texas: Summary level: 050, state:48> county:263",47.8,52.2,95.2,0.4,0.5,0.0,0.0,12.0,87.0,365,4.1,4.4,11.8,18.4,12.6,21.9,18.4,5.5,1.4,1.6,5.9,2.09,90.6,19.4,19.2,80.8,772,80.1,25.0,67.6,69.4,4.4,10.8,9.6,11.9,9.5,6.2,12.8,7.6,4.5,Kent
"Kerr County, Texas: Summary level: 050, state:48> county:265",48.4,51.6,91.9,1.9,0.5,1.0,0.1,23.2,72.9,20285,6.5,6.2,14.3,12.9,16.8,17.8,10.0,8.8,3.6,3.0,10.4,2.31,86.2,27.0,26.4,73.6,48826,79.4,24.7,51.8,55.1,5.5,8.8,10.0,13.8,7.6,6.3,12.1,9.3,3.2,Kerr
"Kimble County, Texas: Summary level: 050, state:48> county:267",50.4,49.6,93.4,0.3,0.1,3.2,0.0,23.4,73.2,1897,6.5,9.1,9.4,10.1,21.4,17.2,8.2,8.2,7.3,2.5,12.6,2.4,76.5,20.3,28.3,71.7,4568,82.5,21.2,57.5,59.0,5.3,4.8,9.9,18.9,12.7,7.9,13.2,4.9,3.0,Kimble
"King County, Texas: Summary level: 050, state:48> county:269",45.7,54.3,81.7,0.0,0.0,3.7,0.0,10.0,81.7,95,0.0,0.0,12.6,7.4,27.4,10.5,9.5,11.6,7.4,13.7,0.0,2.31,90.8,36.8,61.1,38.9,219,84.5,10.5,80.9,80.9,5.0,20.1,15.1,14.6,7.3,11.9,6.8,3.7,0.0,King
"Kinney County, Texas: Summary level: 050, state:48> county:271",51.4,48.6,93.6,1.5,0.8,0.6,0.0,51.1,45.1,1150,8.8,15.2,27.0,14.3,8.7,14.2,6.4,1.7,3.0,0.5,20.8,2.99,75.4,14.5,20.3,79.7,3555,76.1,23.8,34.2,40.3,2.7,11.5,8.6,12.3,6.5,7.2,12.7,9.8,1.2,Kinney
"Kleberg County, Texas: Summary level: 050, state:48> county:273",51.1,48.9,83.6,4.0,1.0,2.3,0.0,69.1,24.2,10924,17.0,7.9,11.5,13.0,11.0,17.5,12.4,5.7,1.6,2.4,18.1,2.74,76.1,20.4,40.3,59.7,31611,75.2,11.4,52.4,57.8,12.9,12.9,11.3,11.3,4.5,5.0,6.2,3.6,1.6,Kleberg
"Knox County, Texas: Summary level: 050, state:48> county:275",48.4,51.6,77.0,8.6,0.2,0.0,0.0,27.0,64.0,1625,11.9,9.4,15.8,16.9,11.6,16.7,10.1,4.7,2.1,0.7,9.0,2.25,75.5,12.9,32.2,67.8,3708,77.0,21.9,56.5,59.6,2.6,14.3,11.8,15.4,4.3,5.8,9.6,8.2,4.1,Knox
"Lamar County, Texas: Summary level: 050, state:48> county:277",48.1,51.9,81.5,13.0,1.2,0.5,0.2,6.0,77.0,19053,10.4,7.8,12.9,15.6,14.2,17.9,9.1,8.6,2.0,1.5,12.4,2.57,82.4,17.4,31.2,68.8,49536,75.3,16.3,55.6,59.6,5.9,10.3,13.5,13.9,6.5,5.6,9.1,5.3,1.9,Lamar
"Lamb County, Texas: Summary level: 050, state:48> county:279",50.1,49.9,88.2,4.8,0.4,0.1,0.0,49.4,44.7,4804,5.7,10.5,15.1,18.2,13.9,17.8,8.6,8.1,1.0,1.0,14.7,2.9,71.9,13.8,24.9,75.1,14092,70.4,16.0,59.5,64.8,5.8,11.0,11.3,13.2,5.5,4.8,8.6,5.1,2.3,Lamb
"Lampasas County, Texas: Summary level: 050, state:48> county:281",49.5,50.5,88.3,4.0,1.0,0.9,0.0,17.0,76.4,7031,6.4,4.8,11.8,14.0,17.3,19.3,11.2,9.1,3.5,2.6,9.7,2.67,82.6,17.3,23.8,76.2,19677,74.5,14.8,54.5,59.5,5.1,9.8,14.5,15.1,6.6,6.1,8.2,4.8,1.8,Lampasas
"La Salle County, Texas: Summary level: 050, state:48> county:283",56.0,44.0,83.6,2.6,1.1,1.1,0.0,78.9,16.8,1872,15.4,8.1,21.7,12.4,12.3,13.2,11.9,2.9,0.5,1.5,19.1,3.17,59.9,8.1,38.8,61.2,6709,73.4,12.4,44.4,49.7,8.0,17.0,12.9,11.2,6.1,4.6,6.4,5.4,0.6,La
"Lavaca County, Texas: Summary level: 050, state:48> county:285",48.4,51.6,82.4,7.3,0.0,0.1,0.0,15.0,77.1,7974,5.5,8.7,14.7,16.2,12.8,20.5,10.5,7.4,1.6,2.0,8.8,2.36,76.3,14.0,21.7,78.3,19217,76.8,20.6,58.3,62.2,4.7,9.7,11.3,14.5,7.4,6.8,9.7,7.4,3.5,Lavaca
"Lee County, Texas: Summary level: 050, state:48> county:287",51.5,48.5,84.5,11.2,0.2,0.0,0.0,21.3,66.1,6022,6.6,6.2,11.5,12.1,15.9,19.8,12.2,11.6,2.4,1.8,7.9,2.68,79.1,14.5,23.2,76.8,16499,73.9,15.2,59.0,62.2,5.4,10.4,12.5,15.5,6.3,5.5,8.0,5.9,1.4,Lee
"Leon County, Texas: Summary level: 050, state:48> county:289",50.1,49.9,82.3,8.7,0.4,0.1,0.0,12.2,78.4,6569,7.7,6.8,20.3,10.2,12.9,15.8,11.8,9.4,3.3,1.7,11.5,2.5,78.7,12.6,16.3,83.7,16640,77.8,21.1,48.2,51.0,4.1,9.6,11.3,15.1,5.9,7.9,12.0,6.4,2.8,Leon
"Liberty County, Texas: Summary level: 050, state:48> county:291",49.2,50.8,78.7,11.5,0.5,0.5,0.1,16.5,70.2,24034,8.0,6.3,12.7,11.6,16.0,19.4,11.7,10.4,2.5,1.2,12.1,2.87,73.2,8.8,21.1,78.9,74922,74.0,10.8,50.5,55.6,6.7,13.2,14.2,15.0,6.1,5.2,6.3,3.4,1.1,Liberty
"Limestone County, Texas: Summary level: 050, state:48> county:293",52.6,47.4,77.8,18.8,0.4,0.1,0.0,17.8,62.7,7856,8.9,6.4,12.6,13.5,15.7,20.1,10.8,9.6,1.7,0.6,11.6,2.52,74.5,12.0,21.2,78.8,23170,76.2,15.8,46.2,48.1,5.2,13.6,12.6,14.1,6.7,5.6,8.8,5.0,2.0,Limestone
"Lipscomb County, Texas: Summary level: 050, state:48> county:295",49.5,50.5,79.6,0.8,2.0,1.7,0.4,27.4,67.8,1127,4.8,8.0,8.6,11.9,13.8,24.6,15.7,8.5,1.4,2.8,11.1,2.85,81.5,22.5,22.4,77.6,3218,72.0,15.6,68.3,69.5,6.4,9.3,13.2,14.4,6.3,4.8,7.8,5.7,2.1,Lipscomb
"Live Oak County, Texas: Summary level: 050, state:48> county:297",53.7,46.3,89.6,3.2,0.5,0.2,0.0,35.5,60.5,3856,8.2,6.8,16.0,8.8,17.2,19.2,11.5,8.9,1.6,1.8,8.1,2.62,77.1,14.0,19.6,80.4,11507,79.1,18.2,43.5,45.0,5.8,12.4,13.0,14.9,7.4,5.6,10.4,5.2,2.6,Live
"Llano County, Texas: Summary level: 050, state:48> county:299",48.3,51.7,95.7,0.9,0.2,0.3,0.0,7.6,90.1,8463,8.0,6.8,14.2,14.3,13.4,17.0,11.1,9.5,1.6,4.1,8.4,2.21,88.0,26.0,22.1,77.9,18992,84.2,30.4,47.2,49.5,3.5,6.5,8.5,14.0,7.8,10.8,16.9,10.0,3.5,Llano
"Loving County, Texas: Summary level: 050, state:48> county:301",56.1,43.9,78.0,0.0,22.0,0.0,0.0,0.0,78.0,22,0.0,0.0,0.0,13.6,0.0,13.6,59.1,13.6,0.0,0.0,0.0,1.86,92.3,17.9,54.5,45.5,41,95.1,0.0,92.3,92.3,0.0,36.6,17.1,31.7,9.8,0.0,0.0,0.0,0.0,Loving
"Lubbock County, Texas: Summary level: 050, state:48> county:303",49.3,50.7,79.3,7.2,0.6,2.0,0.1,31.0,58.4,102170,10.0,6.8,12.7,12.0,15.8,17.5,10.7,9.0,2.5,2.9,12.3,2.53,83.4,27.5,40.3,59.7,269932,75.9,11.0,61.9,65.8,12.9,14.0,11.4,12.5,5.1,4.3,5.8,3.7,1.4,Lubbock
"Lynn County, Texas: Summary level: 050, state:48> county:305",48.9,51.1,88.1,1.3,1.0,0.9,0.0,45.0,50.3,2165,7.3,4.5,14.6,17.0,13.1,18.0,15.1,7.1,2.6,0.6,13.7,2.77,74.2,15.9,26.1,73.9,5988,72.1,15.9,61.4,62.4,5.2,10.3,12.5,15.2,5.8,4.6,9.6,5.2,1.1,Lynn
"McCulloch County, Texas: Summary level: 050, state:48> county:307",49.9,50.1,92.8,2.4,0.0,1.3,0.0,28.2,68.1,3098,11.7,7.7,20.8,10.4,15.7,12.3,9.6,6.4,3.3,2.2,15.0,2.6,74.8,20.4,28.4,71.6,8220,76.3,19.3,53.7,57.1,5.2,7.5,14.5,12.9,7.6,6.9,10.1,6.2,3.1,McCulloch
"McLennan County, Texas: Summary level: 050, state:48> county:309",48.6,51.4,77.1,14.8,0.5,1.4,0.0,22.6,60.0,82998,11.3,7.1,13.3,11.8,15.3,17.5,10.6,8.9,2.4,2.0,14.1,2.68,80.3,20.6,39.9,60.1,229587,74.5,12.4,58.6,63.2,10.3,12.4,11.8,13.0,5.7,4.4,6.3,4.1,2.0,McLennan
"McMullen County, Texas: Summary level: 050, state:48> county:311",59.0,41.0,82.5,0.0,0.4,0.0,0.0,52.2,46.9,307,2.6,9.8,20.8,8.8,16.9,21.8,4.9,9.4,0.0,4.9,5.2,2.92,78.7,10.5,16.9,83.1,897,86.3,17.6,62.7,67.5,9.5,21.2,13.4,12.9,3.8,3.3,10.7,6.9,0.0,McMullen
"Madison County, Texas: Summary level: 050, state:48> county:313",57.9,42.1,71.8,22.1,0.3,0.2,0.0,18.7,59.1,3592,7.6,9.7,17.0,12.6,16.3,18.7,7.5,6.4,2.4,1.8,16.1,2.84,78.2,11.5,20.6,79.4,13433,78.1,13.9,37.6,40.0,8.7,17.1,13.8,10.6,4.9,5.7,7.7,4.2,2.0,Madison
"Marion County, Texas: Summary level: 050, state:48> county:315",48.5,51.5,74.0,23.2,0.6,0.8,0.1,3.0,71.6,4744,17.2,9.9,15.6,11.8,16.1,13.3,8.2,5.0,1.3,1.6,16.9,2.25,76.9,11.2,20.2,79.8,10771,80.8,21.0,44.7,50.2,4.1,8.8,12.0,16.2,8.2,8.7,11.9,6.4,2.7,Marion
"Martin County, Texas: Summary level: 050, state:48> county:317",52.5,47.5,90.0,2.6,0.7,0.4,0.0,43.6,51.4,1492,6.9,6.2,11.6,19.4,15.2,19.1,8.1,7.8,5.0,0.7,5.2,3.08,70.9,12.6,24.6,75.4,4606,72.8,14.6,59.4,61.6,8.3,11.5,13.2,15.5,3.4,3.8,8.1,3.4,3.2,Martin
"Mason County, Texas: Summary level: 050, state:48> county:319",51.6,48.4,97.5,0.3,0.3,0.0,0.0,16.0,82.5,1553,10.0,10.9,11.4,14.9,10.5,17.6,6.6,12.9,1.0,4.1,10.5,2.53,79.9,28.9,20.2,79.8,3928,75.3,24.5,53.8,55.9,3.6,6.0,13.6,11.0,5.7,9.1,12.7,8.2,3.6,Mason
"Matagorda County, Texas: Summary level: 050, state:48> county:321",49.8,50.2,77.8,11.4,0.4,2.1,0.0,36.8,48.1,13786,9.8,7.5,13.2,10.6,15.8,15.1,11.3,11.4,3.3,2.0,18.6,2.63,76.6,14.1,28.4,71.6,36647,73.2,13.9,55.1,61.5,5.9,10.6,12.4,15.4,6.5,5.4,7.8,4.1,2.0,Matagorda
"Maverick County, Texas: Summary level: 050, state:48> county:323",48.5,51.5,74.7,0.2,1.7,0.2,0.0,95.3,2.9,14552,15.5,9.1,19.7,14.0,13.8,13.8,7.9,3.9,0.8,1.5,30.7,3.61,55.2,13.7,30.3,69.7,52493,65.8,10.6,52.1,58.7,6.8,12.2,12.6,11.2,5.3,3.8,6.0,3.6,1.0,Maverick
"Medina County, Texas: Summary level: 050, state:48> county:325",51.0,49.0,87.1,2.8,0.6,0.7,0.0,48.8,47.0,15106,7.6,6.6,10.7,12.7,13.1,19.4,13.4,11.3,3.4,1.8,12.5,2.83,78.3,19.3,23.2,76.8,45073,73.6,12.9,52.9,57.9,6.5,11.3,12.9,15.2,7.2,4.9,7.2,4.4,1.3,Medina
"Menard County, Texas: Summary level: 050, state:48> county:327",51.2,48.8,96.4,0.0,0.0,0.0,0.0,30.0,69.4,927,16.3,6.6,14.8,8.4,14.3,19.0,8.7,4.5,3.2,4.1,14.1,2.31,80.1,13.9,25.1,74.9,2212,83.0,20.2,55.9,60.4,3.7,8.0,8.3,16.9,7.5,13.6,11.3,5.8,3.2,Menard
"Midland County, Texas: Summary level: 050, state:48> county:329",48.9,51.1,85.1,6.6,0.7,1.2,0.0,36.4,54.7,49122,6.2,5.0,10.0,11.2,13.2,19.3,11.4,12.4,4.7,6.6,10.1,2.66,81.2,23.9,30.3,69.7,132103,72.4,11.2,65.8,68.6,7.4,13.7,12.1,14.8,5.8,4.3,5.7,4.3,1.2,Midland
"Milam County, Texas: Summary level: 050, state:48> county:331",49.5,50.5,79.1,9.4,0.6,0.1,0.0,22.2,66.3,9575,9.4,8.3,14.8,13.7,13.4,15.6,11.4,9.2,2.0,2.4,12.5,2.57,81.5,13.5,27.0,73.0,24934,73.5,17.6,53.5,56.6,5.1,10.5,11.8,14.3,5.6,6.5,9.6,5.3,2.7,Milam
"Mills County, Texas: Summary level: 050, state:48> county:333",48.0,52.0,97.8,0.1,0.5,0.0,0.0,19.0,80.2,1974,8.4,7.0,23.6,14.5,11.6,14.8,10.3,6.7,1.3,1.8,8.4,2.44,77.2,18.7,21.5,78.5,4887,79.0,22.8,52.3,55.4,5.3,7.4,12.3,15.2,7.6,7.5,12.8,7.7,2.3,Mills
"Mitchell County, Texas: Summary level: 050, state:48> county:335",61.1,38.9,65.4,12.1,1.0,0.1,0.0,34.7,51.1,2711,7.7,7.4,16.0,16.3,16.0,20.1,9.6,5.2,1.0,0.8,9.7,2.31,73.4,9.4,22.2,77.8,9342,81.9,14.1,34.8,36.2,10.7,18.8,16.0,11.2,6.0,3.7,7.5,4.7,1.9,Mitchell
"Montague County, Texas: Summary level: 050, state:48> county:337",48.9,51.1,93.1,0.1,0.6,0.5,0.0,8.7,88.7,7978,10.3,8.4,10.3,12.6,15.3,19.2,10.7,9.3,1.6,2.3,9.0,2.45,81.2,16.7,21.9,78.1,19789,77.1,19.8,55.2,59.2,4.9,9.9,12.7,13.5,6.5,7.2,11.0,6.5,2.3,Montague
"Montgomery County, Texas: Summary level: 050, state:48> county:339",49.6,50.4,86.9,4.2,0.4,2.0,0.1,19.4,72.9,150546,4.3,3.5,8.8,9.3,12.6,17.6,14.0,15.3,6.5,8.1,7.9,2.82,85.9,29.7,24.4,75.6,427717,72.1,9.9,62.8,66.9,5.6,12.9,14.8,15.2,6.1,5.1,6.0,2.9,0.9,Montgomery
"Moore County, Texas: Summary level: 050, state:48> county:341",50.4,49.6,64.5,1.1,0.7,5.0,0.2,51.7,40.5,6724,3.1,5.5,16.0,15.7,15.4,22.0,12.5,6.7,2.0,1.1,9.7,3.12,69.5,13.7,33.3,66.7,21102,67.5,9.8,64.7,68.1,6.8,13.0,13.8,12.7,4.9,3.8,5.1,3.7,1.1,Moore
"Morris County, Texas: Summary level: 050, state:48> county:343",47.8,52.2,71.4,23.0,0.0,0.1,0.0,7.0,67.7,5131,11.4,9.5,15.4,10.1,15.9,14.6,11.1,8.6,2.3,1.1,12.4,2.55,82.3,17.3,21.1,78.9,13077,76.6,19.4,50.9,54.6,5.2,10.5,10.3,15.7,6.9,5.8,10.6,6.1,2.7,Morris
"Motley County, Texas: Summary level: 050, state:48> county:345",53.0,47.0,98.2,1.0,0.0,0.2,0.0,9.7,89.1,435,13.6,10.1,12.6,16.6,15.9,14.5,7.1,5.7,3.2,0.7,11.9,2.58,84.7,18.5,25.1,74.9,1123,76.0,23.3,52.6,54.0,2.2,11.7,9.6,12.6,4.2,8.5,13.3,9.2,0.9,Motley
"Nacogdoches County, Texas: Summary level: 050, state:48> county:347",47.7,52.3,76.2,18.1,0.4,1.1,0.0,16.4,63.0,23082,14.3,8.4,16.2,13.4,12.9,17.1,7.9,6.8,1.6,1.4,17.5,2.53,80.5,24.0,40.1,59.9,63141,76.6,11.8,56.0,60.4,13.7,11.9,10.8,11.9,5.4,4.5,6.3,4.1,1.4,Nacogdoches
"Navarro County, Texas: Summary level: 050, state:48> county:349",49.4,50.6,73.9,15.5,2.2,0.6,0.0,22.3,61.0,17313,8.5,7.1,14.5,12.4,15.4,20.6,10.8,6.5,1.8,2.3,14.9,2.65,76.5,15.7,28.5,71.5,47483,72.7,14.0,57.8,62.8,5.6,11.5,13.0,13.7,6.2,5.2,7.8,4.3,2.0,Navarro
"Newton County, Texas: Summary level: 050, state:48> county:351",51.5,48.5,76.1,21.2,0.0,0.4,0.8,3.0,74.4,5164,11.2,11.1,18.2,7.5,14.7,17.8,12.7,4.3,1.4,1.0,14.8,2.68,77.7,8.6,16.8,83.2,14389,76.7,15.8,47.1,52.7,4.0,11.6,12.5,15.6,7.4,5.8,9.1,5.7,1.0,Newton
"Nolan County, Texas: Summary level: 050, state:48> county:353",48.4,51.6,76.3,4.6,0.8,0.0,0.4,32.2,61.1,5836,9.6,6.8,17.3,14.0,16.8,17.1,7.3,7.3,2.1,1.6,15.5,2.52,77.4,17.1,31.9,68.1,14990,74.7,16.6,59.8,64.2,5.4,10.7,12.3,14.0,6.4,5.9,9.1,5.4,2.1,Nolan
"Nueces County, Texas: Summary level: 050, state:48> county:355",49.1,50.9,82.3,4.1,0.4,1.5,0.0,59.8,33.8,121056,9.6,6.8,13.5,11.8,14.2,17.4,10.7,10.7,3.0,2.4,15.1,2.71,78.2,19.9,38.4,61.6,334370,73.7,11.7,57.6,62.6,7.5,13.5,12.5,14.5,5.9,5.1,6.2,4.0,1.4,Nueces
"Ochiltree County, Texas: Summary level: 050, state:48> county:357",50.8,49.2,76.2,0.6,1.0,0.2,0.0,44.9,51.6,3533,5.9,10.7,11.7,9.8,13.1,21.6,12.9,9.2,3.2,1.9,13.6,2.79,70.7,17.9,30.5,69.5,9953,68.6,11.0,61.3,66.9,6.9,13.6,12.6,13.0,4.9,3.8,5.8,3.5,1.7,Ochiltree
"Oldham County, Texas: Summary level: 050, state:48> county:359",47.7,52.3,85.6,3.2,0.9,0.0,0.5,10.4,81.8,710,4.2,7.5,10.7,8.7,18.3,26.1,9.2,10.4,2.5,2.4,5.7,2.72,82.3,29.8,29.0,71.0,2020,67.2,12.9,69.6,72.3,3.8,11.8,11.7,12.3,6.5,6.5,8.5,3.1,1.3,Oldham
"Orange County, Texas: Summary level: 050, state:48> county:361",49.3,50.7,87.6,8.5,0.3,1.1,0.0,5.4,83.6,31271,9.0,6.2,10.7,12.0,14.1,19.2,12.5,11.8,3.1,1.4,11.5,2.6,85.8,12.5,22.9,77.1,82014,74.7,13.9,53.3,57.6,6.1,11.4,13.7,15.4,6.4,5.3,7.8,4.8,1.3,Orange
"Palo Pinto County, Texas: Summary level: 050, state:48> county:363",48.9,51.1,86.5,2.6,0.5,0.8,0.0,17.0,78.9,10513,8.1,7.4,14.4,13.2,15.7,19.6,10.0,7.8,1.4,2.3,10.3,2.63,76.8,13.7,31.7,68.3,27927,74.7,15.9,54.8,59.5,5.8,10.8,12.3,15.0,6.8,5.9,9.1,4.8,2.0,Palo
"Panola County, Texas: Summary level: 050, state:48> county:365",49.1,50.9,76.9,16.9,0.7,0.4,0.0,7.3,74.4,8632,10.1,4.8,11.1,11.6,16.5,20.6,13.6,7.4,2.5,1.8,8.6,2.66,81.5,11.4,19.0,81.0,23569,75.2,15.6,53.1,56.2,5.9,10.9,11.3,15.5,6.5,6.1,8.4,5.3,1.8,Panola
"Parker County, Texas: Summary level: 050, state:48> county:367",50.6,49.4,92.1,1.6,0.7,0.5,0.0,10.0,85.7,40489,6.1,4.3,8.6,9.4,13.1,18.5,14.7,14.7,5.9,4.7,7.1,2.68,85.4,22.4,19.7,80.3,112158,74.0,11.7,59.0,62.8,5.7,10.9,14.4,16.3,6.5,5.6,7.1,3.5,1.2,Parker
"Parmer County, Texas: Summary level: 050, state:48> county:369",50.9,49.1,89.8,0.3,0.3,0.0,0.0,57.1,42.1,3299,8.3,4.8,16.6,13.3,18.9,16.3,11.0,7.5,2.1,1.0,15.6,3.04,65.0,15.7,27.3,72.7,10098,68.4,12.2,63.0,65.2,6.2,12.8,12.2,13.1,4.6,4.6,6.8,3.6,1.9,Parmer
"Pecos County, Texas: Summary level: 050, state:48> county:371",56.4,43.6,83.6,4.8,0.3,0.8,0.0,65.0,27.9,4912,10.0,6.5,18.2,11.1,15.2,19.7,10.4,4.7,2.0,2.1,17.1,2.53,65.1,11.3,30.0,70.0,15400,75.6,12.0,47.7,49.9,7.1,14.5,14.0,14.8,5.5,5.2,7.5,3.3,1.2,Pecos
"Polk County, Texas: Summary level: 050, state:48> county:373",53.2,46.8,82.7,11.3,1.3,0.5,0.0,12.1,73.4,16789,13.2,7.8,16.8,15.0,16.6,15.0,8.2,5.5,0.9,1.0,17.7,2.48,74.9,10.6,21.1,78.9,45590,79.1,19.0,41.4,45.5,5.5,10.9,12.4,14.4,7.0,7.6,11.7,5.6,1.7,Polk
"Potter County, Texas: Summary level: 050, state:48> county:375",50.9,49.1,73.4,10.1,0.8,3.5,0.1,34.2,50.5,41422,10.6,7.4,16.1,13.9,15.6,17.7,9.1,6.3,1.7,1.5,18.7,2.84,75.4,15.0,40.6,59.4,120124,72.3,10.9,61.1,65.3,7.4,14.8,13.4,13.6,5.1,4.3,5.6,3.7,1.6,Potter
"Presidio County, Texas: Summary level: 050, state:48> county:377",47.4,52.6,77.6,0.4,3.3,0.3,0.0,82.8,15.9,2617,18.6,10.8,14.6,14.9,12.6,18.6,4.3,3.0,0.4,2.1,22.1,2.94,53.7,17.8,32.5,67.5,7703,70.1,16.6,51.6,59.9,4.0,8.4,11.6,13.6,6.6,5.3,8.1,5.2,3.3,Presidio
"Rains County, Texas: Summary level: 050, state:48> county:379",52.0,48.0,93.0,2.6,0.5,0.3,0.0,7.4,87.9,4069,8.2,4.3,14.7,16.5,14.6,19.2,8.9,9.7,3.6,0.3,8.2,2.67,80.8,12.1,16.7,83.3,10942,77.5,19.1,56.0,60.0,4.9,8.9,11.7,15.4,6.9,8.1,12.2,5.9,1.0,Rains
"Randall County, Texas: Summary level: 050, state:48> county:381",48.6,51.4,89.1,2.1,0.6,1.4,0.0,15.2,79.4,46018,5.4,5.4,9.8,10.2,13.5,20.4,15.7,11.9,3.9,3.7,6.6,2.49,91.3,30.1,29.9,70.1,116811,75.1,12.4,67.4,70.3,8.0,13.0,12.7,14.4,6.2,4.9,6.9,4.2,1.4,Randall
"Reagan County, Texas: Summary level: 050, state:48> county:383",52.4,47.6,90.1,5.9,0.0,0.0,0.0,59.7,35.4,1142,4.4,3.2,8.0,6.4,18.1,26.5,19.3,6.5,6.9,0.8,9.3,2.88,68.5,10.0,29.1,70.9,3298,69.3,7.6,67.5,67.7,8.6,13.6,12.5,13.3,6.7,4.5,4.5,2.2,0.9,Reagan
"Real County, Texas: Summary level: 050, state:48> county:385",51.7,48.3,96.1,0.0,0.1,0.2,0.0,22.5,76.9,1335,13.0,10.1,20.1,13.3,18.0,18.4,4.0,2.7,0.0,0.5,19.1,2.39,77.6,19.4,24.5,75.5,3279,76.2,27.3,42.5,46.7,4.5,4.8,9.8,13.1,9.4,6.2,16.1,8.1,3.0,Real
"Red River County, Texas: Summary level: 050, state:48> county:387",47.6,52.4,77.7,16.9,0.7,0.4,0.2,6.0,74.6,5108,8.8,9.7,16.5,12.5,18.5,18.6,8.4,5.7,0.9,0.5,13.3,2.5,72.5,8.6,28.8,71.2,12987,77.9,19.8,49.7,54.4,5.1,10.2,12.3,14.4,8.3,6.2,10.6,6.6,2.6,Red
"Reeves County, Texas: Summary level: 050, state:48> county:389",54.7,45.3,80.3,3.7,1.6,0.2,0.0,85.1,10.6,3628,16.4,11.2,13.1,13.0,13.1,17.7,9.4,5.3,0.4,0.5,28.7,3.4,52.8,7.6,25.7,74.3,13269,76.7,12.1,47.3,53.3,9.5,12.2,12.5,12.4,6.0,5.1,6.7,3.9,1.4,Reeves
"Refugio County, Texas: Summary level: 050, state:48> county:391",49.2,50.8,85.4,6.6,0.1,0.5,0.0,45.3,46.3,2786,6.9,8.4,16.4,10.8,15.8,20.6,8.6,9.7,1.3,1.6,11.6,2.43,72.7,11.2,22.1,77.9,7434,76.4,18.4,45.9,49.5,6.3,9.0,14.0,14.0,6.5,5.9,10.0,6.9,1.5,Refugio
"Roberts County, Texas: Summary level: 050, state:48> county:393",48.9,51.1,99.0,0.0,0.0,0.7,0.0,2.4,96.6,328,6.4,10.4,6.4,8.2,14.3,18.6,15.5,9.5,6.7,4.0,13.5,2.67,91.9,34.1,24.1,75.9,877,77.2,16.8,58.1,60.5,3.8,7.4,12.4,19.5,2.7,11.4,11.3,4.2,1.3,Roberts
"Robertson County, Texas: Summary level: 050, state:48> county:395",50.1,49.9,70.1,21.9,0.0,0.7,0.0,16.8,59.5,6232,9.8,9.0,17.2,9.6,14.5,17.4,10.1,5.4,4.6,2.4,17.4,2.61,76.6,15.8,33.1,66.9,16574,73.9,17.2,54.1,58.7,5.2,11.0,12.3,13.9,6.5,5.7,9.3,5.7,2.2,Robertson
"Rockwall County, Texas: Summary level: 050, state:48> county:397",48.9,51.1,83.9,5.4,0.6,2.4,0.6,15.4,75.1,24790,2.9,2.1,4.2,5.7,11.1,21.2,17.4,20.3,8.1,6.9,4.2,2.93,91.3,35.6,15.7,84.3,73311,69.8,9.0,67.0,71.1,4.3,12.7,16.1,15.4,4.9,5.1,5.4,2.8,0.8,Rockwall
"Runnels County, Texas: Summary level: 050, state:48> county:399",49.7,50.3,91.6,2.2,0.4,0.3,0.0,30.8,65.6,3953,8.6,8.8,16.6,14.4,14.8,14.2,9.7,10.4,1.4,1.1,18.1,2.55,77.1,16.4,28.0,72.0,10492,75.9,19.0,53.0,55.1,4.9,9.9,12.4,13.1,8.4,6.2,9.6,6.4,2.9,Runnels
"Rusk County, Texas: Summary level: 050, state:48> county:401",52.8,47.2,76.9,18.4,0.3,0.3,0.0,13.1,67.1,18102,7.5,5.4,12.7,11.5,15.5,20.6,12.3,9.9,1.7,2.9,8.3,2.59,79.4,14.8,21.4,78.6,52016,76.6,14.3,51.7,54.4,6.3,13.1,13.2,15.0,6.4,5.6,7.5,4.8,2.1,Rusk
"Sabine County, Texas: Summary level: 050, state:48> county:403",49.4,50.6,90.2,8.9,0.1,0.0,0.0,2.9,87.7,4430,12.5,8.4,14.9,17.0,17.2,17.2,4.5,5.6,2.5,0.1,14.9,2.4,77.5,12.2,17.0,83.0,10653,80.1,25.8,36.7,40.9,4.1,7.1,10.2,13.6,6.5,10.4,14.8,9.0,2.1,Sabine
"San Augustine County, Texas: Summary level: 050, state:48> county:405",48.7,51.3,72.4,23.6,0.0,0.3,0.0,5.3,69.6,3691,15.9,15.4,16.3,10.4,16.7,11.4,5.3,5.0,2.0,1.6,21.8,2.41,71.4,11.9,20.9,79.1,8996,78.2,23.0,40.5,45.2,4.6,5.1,12.6,14.2,5.9,7.8,12.4,7.5,3.1,San
"San Jacinto County, Texas: Summary level: 050, state:48> county:407",50.1,49.9,85.1,11.2,0.1,0.3,0.0,9.8,77.3,9184,8.8,5.0,13.4,11.2,16.9,19.3,11.9,8.3,3.4,1.9,12.2,2.79,77.0,9.6,17.5,82.5,25859,75.4,17.0,48.4,54.3,4.9,9.7,11.8,15.4,6.8,7.4,10.4,5.0,1.6,San
"San Patricio County, Texas: Summary level: 050, state:48> county:409",50.0,50.0,82.0,2.0,0.6,0.9,0.0,53.0,43.1,22592,8.8,7.0,12.0,12.4,14.1,19.5,12.4,8.9,2.9,2.1,14.6,2.86,76.3,15.1,33.8,66.2,66100,71.6,12.2,55.5,60.0,6.6,12.0,12.9,14.2,5.6,5.3,6.8,4.0,1.4,San
"San Saba County, Texas: Summary level: 050, state:48> county:411",51.7,48.3,91.5,1.0,2.4,0.1,0.0,26.0,70.7,2122,14.5,8.3,13.4,11.2,19.1,15.3,11.5,3.4,0.7,2.6,18.8,2.69,81.4,18.1,22.3,77.7,6023,78.4,20.0,51.0,56.3,7.8,9.0,14.3,10.1,6.6,7.2,10.3,6.8,2.8,San
"Schleicher County, Texas: Summary level: 050, state:48> county:413",51.3,48.7,84.1,0.7,1.2,0.1,0.0,43.8,54.4,989,8.0,5.3,7.9,8.6,12.5,24.3,13.3,15.4,2.0,2.7,10.6,3.24,78.5,17.4,19.3,80.7,3343,68.9,12.0,64.4,67.1,4.6,11.6,11.6,13.6,7.1,6.8,6.3,4.4,1.3,Schleicher
"Scurry County, Texas: Summary level: 050, state:48> county:415",52.8,47.2,70.5,4.9,1.2,0.5,0.0,34.3,58.7,6181,12.0,4.7,14.2,11.2,14.4,17.9,10.9,9.2,2.9,2.5,14.4,2.29,74.2,16.3,29.0,71.0,16579,75.4,14.0,49.9,52.9,7.0,11.4,12.7,15.0,7.0,4.5,7.2,5.0,1.8,Scurry
"Shackelford County, Texas: Summary level: 050, state:48> county:417",46.7,53.3,92.4,2.0,0.2,0.2,0.0,9.5,87.2,1195,10.1,4.1,11.2,11.6,15.7,23.9,9.0,10.7,2.4,1.2,9.4,2.63,86.8,27.6,22.2,77.8,3182,74.1,16.8,62.0,65.1,8.4,6.6,11.9,15.6,6.8,5.3,8.4,6.0,2.4,Shackelford
"Shelby County, Texas: Summary level: 050, state:48> county:419",48.8,51.2,75.6,18.3,0.1,0.0,0.0,14.7,66.2,9705,11.2,8.3,18.5,15.0,13.5,13.5,9.4,6.8,1.5,2.3,21.5,2.58,75.4,13.5,23.8,76.2,25423,73.5,15.6,53.7,57.9,5.3,12.3,12.9,13.7,5.7,5.7,8.2,5.5,1.9,Shelby
"Sherman County, Texas: Summary level: 050, state:48> county:421",52.8,47.2,76.0,0.2,0.0,0.0,0.0,35.8,62.7,971,2.2,5.0,12.3,13.7,16.8,24.4,8.3,12.7,2.4,2.3,8.7,3.09,74.4,19.1,21.3,78.7,3000,70.1,13.1,64.7,69.1,4.2,9.5,15.5,14.2,4.6,5.0,5.9,6.3,0.9,Sherman
"Smith County, Texas: Summary level: 050, state:48> county:423",48.2,51.8,73.6,18.2,0.4,1.0,0.1,16.2,63.2,76427,7.3,5.9,12.9,12.0,15.4,17.6,11.4,10.5,3.4,3.7,11.3,2.62,84.2,24.5,30.6,69.4,203393,74.3,14.1,59.8,64.4,7.4,12.5,12.5,13.4,6.0,5.0,7.5,4.6,2.0,Smith
"Somervell County, Texas: Summary level: 050, state:48> county:425",50.1,49.9,86.1,1.0,0.3,0.0,0.0,17.1,80.4,2923,10.3,4.9,6.4,9.5,18.2,16.4,9.5,16.8,4.3,3.7,9.4,2.8,87.4,28.4,23.0,77.0,8200,73.7,14.6,59.2,60.0,5.8,10.7,12.5,14.7,6.7,5.6,8.0,5.4,1.2,Somervell
"Starr County, Texas: Summary level: 050, state:48> county:427",48.4,51.6,78.1,0.1,0.3,0.2,0.0,98.3,1.2,15569,16.7,15.2,18.9,12.8,13.0,11.8,4.3,4.5,1.4,1.3,35.1,3.81,47.9,9.8,20.6,79.4,59989,65.5,10.3,49.3,54.6,7.3,13.0,12.9,10.5,4.3,3.8,6.0,3.5,0.8,Starr
"Stephens County, Texas: Summary level: 050, state:48> county:429",52.5,47.5,86.4,2.7,0.3,0.8,0.0,19.1,76.8,3624,7.0,9.5,19.6,12.8,16.1,17.4,9.9,5.4,0.7,1.7,16.6,2.45,82.2,12.2,25.8,74.2,9562,76.0,17.7,54.0,55.8,6.8,10.4,14.1,11.9,6.1,6.4,9.0,6.1,2.5,Stephens
"Sterling County, Texas: Summary level: 050, state:48> county:431",51.5,48.5,90.9,0.0,0.3,0.0,0.0,27.8,71.9,446,12.6,12.6,8.1,10.3,19.5,14.6,7.0,11.2,4.3,0.0,17.2,2.58,77.5,22.7,22.0,78.0,1160,75.4,15.3,57.1,57.1,5.6,8.2,9.7,17.2,7.5,6.7,6.6,6.6,2.1,Sterling
"Stonewall County, Texas: Summary level: 050, state:48> county:433",52.1,47.9,85.1,6.7,0.3,0.0,0.0,7.7,84.6,592,9.1,4.9,10.3,10.6,13.7,25.7,13.7,7.4,2.5,2.0,7.3,2.41,85.5,22.4,19.4,80.6,1434,77.0,22.8,64.9,66.7,4.5,9.1,9.1,17.2,5.4,7.9,11.8,9.2,1.8,Stonewall
"Sutton County, Texas: Summary level: 050, state:48> county:435",48.1,51.9,89.4,2.8,1.0,0.0,0.0,56.5,39.7,1375,9.5,3.2,5.7,7.3,18.6,27.4,8.0,10.5,7.9,2.0,7.3,3.1,69.4,11.8,28.6,71.4,4257,72.2,11.5,63.5,64.6,6.5,9.1,11.5,16.8,7.1,5.1,5.9,3.9,1.6,Sutton
"Swisher County, Texas: Summary level: 050, state:48> county:437",53.3,46.7,80.9,5.9,1.0,1.0,0.2,37.8,52.8,2689,7.6,13.1,16.1,10.9,12.9,21.6,9.9,5.6,1.0,1.4,10.4,2.62,75.9,14.6,30.7,69.3,7828,73.9,17.7,48.6,52.7,7.0,12.8,10.7,12.6,3.9,6.4,9.2,7.3,1.2,Swisher
"Tarrant County, Texas: Summary level: 050, state:48> county:439",49.1,50.9,68.4,14.5,0.5,4.6,0.2,25.7,53.3,632518,5.8,4.6,9.9,10.5,14.3,19.2,13.0,13.8,4.8,4.2,10.4,2.72,83.8,28.7,36.6,63.4,1743300,71.9,8.7,65.1,70.4,6.9,14.8,15.1,14.2,5.3,4.2,4.8,2.8,1.1,Tarrant
"Taylor County, Texas: Summary level: 050, state:48> county:441",48.6,51.4,80.9,7.4,0.5,1.5,0.1,21.4,67.8,49757,7.9,6.2,14.7,12.9,15.6,18.7,11.0,8.8,2.4,1.8,12.2,2.45,84.1,24.2,38.1,61.9,129477,75.4,13.1,59.0,62.3,9.9,13.3,11.5,13.2,5.2,4.7,6.8,4.4,1.8,Taylor
"Terrell County, Texas: Summary level: 050, state:48> county:443",55.3,44.7,90.9,0.0,0.0,8.8,0.0,45.8,45.4,372,8.6,10.5,20.7,8.9,23.9,13.7,8.1,5.6,0.0,0.0,9.2,2.28,80.4,20.7,30.1,69.9,850,74.4,23.8,53.5,53.5,0.0,6.4,16.4,19.2,3.3,5.4,12.4,9.1,2.4,Terrell
"Terry County, Texas: Summary level: 050, state:48> county:445",53.7,46.3,80.0,5.6,0.0,0.2,0.1,46.6,46.7,4043,11.8,9.3,13.3,11.2,16.4,15.6,7.0,9.0,3.7,2.8,9.3,2.81,68.1,14.3,27.4,72.6,12498,74.3,14.4,51.9,55.8,7.2,12.3,13.1,12.3,5.3,5.6,7.4,4.5,2.5,Terry
"Throckmorton County, Texas: Summary level: 050, state:48> county:447",51.9,48.1,96.4,0.0,0.0,0.9,0.0,7.4,90.6,795,12.3,4.4,17.5,14.8,20.8,13.7,6.9,7.3,1.0,1.3,8.4,2.27,78.4,16.7,19.0,81.0,1814,79.9,24.2,50.1,52.4,4.2,5.6,12.3,15.2,7.1,7.9,13.8,5.7,4.6,Throckmorton
"Titus County, Texas: Summary level: 050, state:48> county:449",49.7,50.3,79.4,9.4,0.7,0.8,0.0,37.8,50.7,10693,7.0,5.9,15.6,14.9,18.4,18.3,10.1,6.9,0.9,2.0,14.0,2.78,72.9,13.7,29.8,70.2,30995,69.3,11.5,56.6,61.2,5.7,13.2,14.1,11.3,4.7,5.0,6.1,4.0,1.5,Titus
"Tom Green County, Texas: Summary level: 050, state:48> county:451",48.9,51.1,83.6,3.9,0.7,1.1,0.1,35.0,58.6,41464,7.3,6.7,15.5,13.1,15.2,18.0,10.9,9.3,1.9,2.2,12.2,2.47,81.2,21.6,32.1,67.9,108000,76.2,13.7,56.7,60.6,9.7,13.0,11.5,13.3,5.9,4.9,7.1,4.9,1.6,Tom
"Travis County, Texas: Summary level: 050, state:48> county:453",50.5,49.5,67.5,8.6,0.5,5.8,0.1,32.8,51.2,390862,7.4,4.5,9.5,10.6,14.3,17.8,11.5,12.9,5.3,6.2,11.1,2.45,86.3,43.5,47.4,52.6,979712,76.1,7.0,67.9,72.6,9.5,19.2,15.3,13.1,5.0,3.7,3.9,2.2,0.9,Travis
"Trinity County, Texas: Summary level: 050, state:48> county:455",48.4,51.6,88.0,10.7,0.0,0.7,0.0,6.9,81.4,5124,8.8,7.9,13.3,16.9,20.7,15.7,9.4,4.5,1.2,1.5,11.6,2.76,80.9,11.2,18.9,81.1,14451,78.6,22.2,42.4,45.2,5.4,7.6,11.1,14.5,8.9,6.0,13.2,7.1,1.9,Trinity
"Tyler County, Texas: Summary level: 050, state:48> county:457",53.5,46.5,83.7,13.8,0.2,0.3,0.0,3.5,80.8,8113,8.8,5.5,17.8,17.5,16.1,16.7,7.9,5.1,3.2,1.4,14.0,2.42,82.9,12.2,18.3,81.7,21472,79.3,18.5,38.9,42.8,5.5,13.8,11.9,13.7,6.1,7.1,10.4,6.3,1.7,Tyler
"Upshur County, Texas: Summary level: 050, state:48> county:459",49.4,50.6,86.4,8.7,0.7,0.8,0.1,6.1,82.6,14668,8.1,7.0,12.1,11.2,16.9,19.2,12.8,9.3,1.6,1.8,9.9,2.55,83.4,15.1,22.2,77.8,38685,75.4,15.1,55.8,59.9,5.5,10.5,13.1,15.5,7.1,6.0,8.7,4.6,1.8,Upshur
"Upton County, Texas: Summary level: 050, state:48> county:461",53.2,46.8,87.8,4.8,0.5,0.0,0.0,43.3,50.5,1179,7.8,5.6,11.5,10.3,15.7,20.4,12.2,12.7,2.5,1.3,11.6,2.34,75.5,12.7,21.2,78.8,3243,76.9,13.0,49.9,50.8,4.4,14.0,14.9,15.7,8.4,5.9,5.9,4.6,2.5,Upton
"Uvalde County, Texas: Summary level: 050, state:48> county:463",48.9,51.1,86.7,0.9,0.6,0.6,0.0,68.1,29.9,8824,12.3,8.7,14.5,14.4,16.1,14.2,8.2,7.7,1.9,2.0,21.4,2.9,69.9,16.1,26.5,73.5,26285,70.7,14.3,54.9,59.8,5.9,11.6,12.4,12.2,6.7,4.5,7.3,5.2,1.8,Uvalde
"Val Verde County, Texas: Summary level: 050, state:48> county:465",49.8,50.2,87.2,1.6,0.2,0.7,0.0,79.5,17.9,15042,9.4,9.7,16.0,12.3,15.1,17.0,10.3,7.2,2.3,0.5,19.3,3.17,64.0,15.8,34.3,65.7,48088,69.9,12.2,53.3,58.5,7.3,13.1,13.1,11.3,4.9,4.9,6.8,3.9,1.4,Val
"Van Zandt County, Texas: Summary level: 050, state:48> county:467",49.4,50.6,93.5,2.9,0.9,0.4,0.0,8.9,86.1,19559,8.6,6.7,12.8,12.1,17.1,20.9,10.9,8.5,1.2,1.1,11.1,2.61,78.8,12.1,21.9,78.1,52362,75.6,17.7,52.9,56.7,4.8,10.1,12.7,14.5,6.9,6.3,10.0,5.7,2.0,Van
"Victoria County, Texas: Summary level: 050, state:48> county:469",48.7,51.3,76.1,6.0,0.3,0.9,0.0,42.9,48.9,31917,7.3,5.5,12.1,12.2,14.1,20.1,11.8,10.8,3.0,3.0,12.8,2.65,80.1,16.9,33.8,66.2,85813,73.0,13.1,61.9,66.6,6.3,12.5,12.6,14.4,6.4,5.1,7.0,4.5,1.6,Victoria
"Walker County, Texas: Summary level: 050, state:48> county:471",59.2,40.8,71.0,22.5,0.3,1.1,0.1,16.1,58.9,19902,17.2,8.5,11.6,13.6,13.3,16.8,9.5,6.4,2.0,1.1,15.7,2.29,80.3,17.1,42.0,58.0,66353,83.4,9.9,37.1,40.0,14.2,14.3,14.3,14.3,6.0,4.3,5.8,3.2,0.9,Walker
"Waller County, Texas: Summary level: 050, state:48> county:473",49.5,50.5,66.4,24.7,1.2,0.7,0.0,27.2,45.7,13499,7.7,7.8,11.6,12.9,13.2,19.0,9.6,12.7,2.2,3.2,14.4,2.94,79.5,19.6,31.4,68.6,40831,75.4,9.8,59.3,63.6,14.3,10.8,12.1,14.4,6.2,4.5,5.7,2.7,1.3,Waller
"Ward County, Texas: Summary level: 050, state:48> county:475",48.6,51.4,84.3,5.0,0.2,0.1,0.0,45.7,47.3,3790,7.4,9.5,14.2,9.1,19.5,20.8,7.9,8.0,2.0,1.6,14.2,2.72,70.4,10.0,26.0,74.0,10505,72.4,14.7,55.3,58.0,4.7,12.5,12.1,13.9,5.8,4.9,7.6,4.7,2.4,Ward
"Washington County, Texas: Summary level: 050, state:48> county:477",49.0,51.0,77.1,18.2,0.3,1.4,0.0,12.8,67.1,12855,10.2,7.4,14.5,11.2,12.7,16.1,11.3,10.6,2.1,3.8,10.5,2.34,79.2,25.8,30.6,69.4,32949,77.5,17.9,54.2,56.8,4.9,9.4,11.0,15.0,6.7,5.8,8.4,7.0,2.5,Washington
"Webb County, Texas: Summary level: 050, state:48> county:479",48.4,51.6,83.9,0.4,0.3,0.7,0.0,95.4,3.5,64714,11.3,8.8,14.8,12.9,15.6,15.7,9.6,7.7,2.2,1.6,25.4,3.69,62.7,16.7,35.4,64.6,240346,64.4,7.7,58.9,63.7,7.5,14.3,13.5,10.7,3.8,3.4,4.3,2.5,0.9,Webb
"Wharton County, Texas: Summary level: 050, state:48> county:481",48.9,51.1,74.1,14.5,0.1,0.4,0.0,36.2,48.6,14808,9.1,7.7,15.7,12.7,13.6,17.3,8.5,10.8,3.0,1.5,11.9,2.72,75.1,15.4,30.7,69.3,41036,73.0,14.3,61.9,65.9,6.1,11.9,12.2,14.3,6.4,5.0,7.2,5.3,1.8,Wharton
"Wheeler County, Texas: Summary level: 050, state:48> county:483",50.2,49.8,86.9,3.8,0.9,1.3,0.0,20.0,74.5,2113,5.3,10.3,16.2,11.6,12.6,15.3,10.7,10.9,3.0,4.0,9.0,2.45,79.4,15.1,21.0,79.0,5235,74.2,18.0,57.8,60.7,5.2,11.2,11.2,13.6,7.7,5.2,9.8,6.0,2.3,Wheeler
"Wichita County, Texas: Summary level: 050, state:48> county:485",51.2,48.8,80.1,10.6,0.8,2.2,0.1,15.8,69.2,48601,8.0,7.6,11.4,13.1,17.5,19.1,11.1,7.6,2.0,2.7,11.9,2.46,82.8,20.0,35.9,64.1,130976,76.5,12.8,54.4,57.8,9.7,13.8,12.3,13.5,5.4,4.6,6.7,4.5,1.6,Wichita
"Wilbarger County, Texas: Summary level: 050, state:48> county:487",51.7,48.3,82.5,9.3,0.6,0.4,0.0,24.7,64.3,5201,11.1,10.5,12.3,12.4,15.1,19.7,9.7,5.5,2.2,1.5,19.8,2.49,73.6,15.9,39.1,60.9,13637,74.1,15.4,53.8,56.6,8.5,9.1,10.8,14.3,7.1,4.5,7.9,5.7,1.8,Wilbarger
"Willacy County, Texas: Summary level: 050, state:48> county:489",53.8,46.2,88.8,1.9,0.2,0.3,0.0,86.3,11.4,5485,26.9,13.1,13.6,9.1,11.2,15.4,4.5,5.0,0.7,0.6,39.4,3.72,57.4,8.6,28.9,71.1,21769,72.4,11.8,35.0,37.8,8.6,14.8,12.2,12.2,5.6,3.4,6.3,3.9,1.6,Willacy
"Williamson County, Texas: Summary level: 050, state:48> county:491",49.3,50.7,80.4,6.0,0.5,4.6,0.1,22.4,64.9,142110,3.1,2.6,5.9,7.8,13.3,22.6,17.0,18.1,6.3,3.4,4.7,2.73,91.6,37.3,29.7,70.3,391715,71.1,8.5,68.0,72.7,5.3,15.2,17.0,13.7,5.1,3.9,5.1,2.5,0.9,Williamson
"Wilson County, Texas: Summary level: 050, state:48> county:493",49.6,50.4,84.1,1.7,0.4,0.3,0.0,38.1,58.8,14455,4.0,4.8,9.3,7.7,12.9,24.0,16.0,15.6,3.2,2.5,6.5,2.82,84.5,18.2,15.5,84.5,41264,73.1,12.1,63.5,67.2,4.9,10.3,14.4,16.0,6.6,6.1,6.8,4.2,1.1,Wilson
"Winkler County, Texas: Summary level: 050, state:48> county:495",51.0,49.0,86.7,0.9,2.7,0.7,0.0,50.8,44.7,2521,11.1,6.3,14.4,9.8,20.2,17.7,7.7,10.6,1.0,1.0,13.3,2.72,62.9,9.8,18.3,81.7,6933,70.1,12.6,51.9,55.6,5.6,12.2,11.0,15.1,5.3,5.5,6.9,4.4,1.3,Winkler
"Wise County, Texas: Summary level: 050, state:48> county:497",50.5,49.5,91.8,0.9,0.7,0.5,0.0,15.8,81.0,19712,5.1,5.2,8.4,8.2,16.4,21.5,16.4,13.1,3.2,2.6,7.8,2.89,81.5,15.6,19.0,81.0,58054,73.4,11.7,60.4,65.8,5.9,11.5,14.2,15.6,6.4,5.4,7.1,3.5,1.1,Wise
"Wood County, Texas: Summary level: 050, state:48> county:499",48.1,51.9,91.3,4.7,0.7,0.4,0.0,7.9,85.2,16026,7.7,6.3,13.1,14.5,16.1,18.6,11.3,7.6,2.7,1.9,9.8,2.45,80.8,16.5,18.6,81.4,41625,80.0,23.2,46.1,50.0,6.2,8.2,10.7,13.2,7.1,8.3,13.7,7.1,2.4,Wood
"Yoakum County, Texas: Summary level: 050, state:48> county:501",49.4,50.6,83.6,2.6,0.4,0.0,0.0,55.7,41.0,2596,7.9,6.7,15.5,9.4,11.6,23.0,10.1,12.5,0.7,2.7,19.8,2.93,71.4,15.0,14.8,85.2,7706,68.2,11.0,61.6,66.4,5.2,15.5,12.4,11.2,6.4,4.2,5.5,4.1,1.4,Yoakum
"Young County, Texas: Summary level: 050, state:48> county:503",49.1,50.9,90.5,1.3,0.7,0.0,0.0,14.7,81.8,7484,9.0,9.0,15.4,14.3,13.6,17.4,8.9,7.5,2.0,2.9,10.7,2.42,76.5,13.6,30.9,69.1,18298,75.5,18.6,57.3,59.9,5.0,11.5,11.1,14.6,7.5,5.2,9.4,6.2,3.0,Young
"Zapata County, Texas: Summary level: 050, state:48> county:505",49.8,50.2,86.4,0.0,0.0,0.0,0.0,91.9,8.1,4341,17.6,13.8,19.6,9.4,12.7,9.4,2.7,10.1,3.6,1.1,33.5,3.13,56.7,9.6,24.1,75.9,13609,66.2,10.3,49.6,53.5,9.4,12.5,12.6,9.6,5.5,4.9,5.8,3.8,0.7,Zapata
"Zavala County, Texas: Summary level: 050, state:48> county:507",48.9,51.1,67.0,0.0,0.0,0.2,0.0,91.9,8.1,3558,25.1,11.0,20.5,11.2,14.5,6.9,7.2,2.5,1.0,0.0,34.6,3.17,57.7,7.7,32.2,67.8,11658,67.6,12.3,46.0,51.0,8.5,10.2,11.3,11.9,6.0,3.9,5.9,5.2,1.2,Zavala
